seed,k,composition,models,strategy,val_auc,val_acc,test_auc,test_acc,test_f1,test_d_auc,test_d_acc,test_d_f1,delta_auc,df40_auc,df40_acc,celeb_frame_auc,celeb_video_auc,celeb_video_acc,threshold
42,1,CLIP ViT-B/16,['clip'],single,0.980889447983546,0.9316449855119672,0.8942737574315528,0.787020396049399,0.7848541209782639,0.8326756997267964,0.7170989354042661,0.6989513332046625,-0.0615980577047563,0.8152502307847286,0.735600215323883,0.6229478592935302,0.6706543291473893,0.6505791505791506,0.5959630012512207
42,1,DINO (ConvNeXt-B),['dino'],single,0.994460922664986,0.966056608510956,0.9126379386640892,0.808328799045876,0.808773372813511,0.847167619829419,0.7260795726227968,0.7052150305496573,-0.0654703188346701,0.7951831784935155,0.7532747173874036,0.7788335169273701,0.831906807666887,0.7258687258687259,0.1865392178297042
42,1,ViT-B/16,['vit'],single,0.9440311020918856,0.8734214151449142,0.8096888003668752,0.721402386409229,0.7326448591229865,0.7536972696660998,0.6743282384430631,0.6849127135632966,-0.0559915307007753,0.7522055248856833,0.7160416292840481,0.5804388999045311,0.6090713813615334,0.6795366795366795,0.1246385797858238
42,1,ResNet-18,['resnet'],single,0.9703900925499348,0.9151686651330389,0.8443045750514172,0.7471021781068113,0.7474533479692645,0.7623877276294887,0.6757297454753307,0.6771863783594503,-0.0819168474219285,0.6787368373300493,0.6561995334649201,0.6232274730116766,0.6551718440185063,0.696911196911197,0.5341265201568604
42,1,MobileNetV3,['mobilenet'],single,0.9474416453387466,0.8714602715742757,0.8329553169989344,0.7383688656586809,0.7417217824414435,0.7408631709027379,0.6639955591463448,0.6692097502908314,-0.0920921460961965,0.7429533734955873,0.7007895209043603,0.6562356245869134,0.713995373430271,0.7046332046332047,0.5495197772979736
42,1,Xception,['xception'],single,0.8407049881131571,0.7588947021979737,0.7590856722459469,0.6946308540399128,0.7438818079148132,0.6868610858778829,0.649744156265286,0.7130997722013632,-0.072224586368064,0.6807246596545599,0.6725282612596447,0.5992145479914812,0.6370125578321216,0.6544401544401545,0.2823940217494964
42,2,CLIP ViT-B/16 + DINO (ConvNeXt-B),"['clip', 'dino']",geometric,0.9942850105659418,0.9638579562033888,0.9219932736051218,0.823333168450153,0.8266852145406706,0.8648763174922433,0.7505812132104404,0.7405302488865002,-0.0571169561128785,0.8295429868469221,0.7894311860757223,0.7359935742087098,0.7910938532716458,0.6911196911196911,0.1584848484848484
42,2,CLIP ViT-B/16 + DINO (ConvNeXt-B),"['clip', 'dino']",mean,0.99422969182252,0.961299647808473,0.921904901694822,0.8092961137034411,0.8089990311784393,0.863170825737724,0.7351261631134342,0.717979928021769,-0.0587340759570981,0.8213070627790762,0.7553382379328907,0.7350026804729383,0.7895076007931262,0.7239382239382239,0.4554545454545454
42,2,CLIP ViT-B/16 + DINO (ConvNeXt-B),"['clip', 'dino']",stacking,0.9955408698476986,0.9724218426606408,0.9239318362219672,0.8234760672063842,0.8255044495876389,0.8658145213745657,0.7433868104447998,0.7274658821606603,-0.0581173148474015,0.816175322261459,0.7644895029607034,0.7659124256444151,0.8198116325181759,0.7335907335907336,0.396060606060606
42,2,CLIP ViT-B/16 + ViT-B/16,"['clip', 'vit']",geometric,0.9766913123653788,0.9244722216567252,0.8849968108020373,0.7881580899932398,0.7937102609663677,0.8263042401184179,0.7314272837694493,0.7319591021787305,-0.0586925706836194,0.8139542989124912,0.7713080925892697,0.6279221928471763,0.6657138136153338,0.6795366795366795,0.1485858585858586
42,2,CLIP ViT-B/16 + ViT-B/16,"['clip', 'vit']",mean,0.9774287362879596,0.9323032240114548,0.8817082348390859,0.7865807075686876,0.7863928663765836,0.8213001705246491,0.7179068629875733,0.7023993134878759,-0.0604080643144367,0.8033563764973589,0.7413421855374125,0.6243618271278549,0.6655816259087904,0.637065637065637,0.4455555555555555
42,2,CLIP ViT-B/16 + ViT-B/16,"['clip', 'vit']",stacking,0.9786905471768756,0.9337079185412892,0.8858159480334376,0.7948963159601422,0.7964391302924845,0.8253700302436935,0.726783074191935,0.7156495426803109,-0.060445917789744,0.806460657675703,0.7501345774268796,0.6269632444738195,0.6702908129543952,0.6640926640926641,0.5247474747474747
42,2,CLIP ViT-B/16 + ResNet-18,"['clip', 'resnet']",geometric,0.9858701165557262,0.9379152161668804,0.9014766073076896,0.7939290013025772,0.797042297740584,0.833998621657987,0.7323451334729344,0.7334351445884034,-0.0674779856497027,0.7969059079426102,0.7563251390633411,0.6481665932290519,0.6961335095836088,0.6814671814671814,0.2178787878787878
42,2,CLIP ViT-B/16 + ResNet-18,"['clip', 'resnet']",mean,0.9876206897019664,0.9513039229657376,0.9010137757275186,0.8098512204103393,0.8147446091896784,0.8274659284915009,0.7287231996130742,0.72792318038498,-0.0735478472360177,0.7809013242375171,0.7325497936479455,0.6473363442755378,0.6964970257766028,0.694980694980695,0.495050505050505
42,2,CLIP ViT-B/16 + ResNet-18,"['clip', 'resnet']",stacking,0.9876134087731276,0.9506253265745132,0.9016800198756618,0.8139238349629287,0.8197307888907821,0.8287718770327446,0.7334333624626952,0.7336880425651078,-0.0729081428429172,0.7830722806347507,0.737843172438543,0.6469640522875817,0.6960013218770655,0.696911196911197,0.5445454545454546
42,2,CLIP ViT-B/16 + MobileNetV3,"['clip', 'mobilenet']",geometric,0.9812525646576228,0.9318892802128078,0.8988790898751731,0.8015521003369113,0.8080548186974712,0.8306297853584059,0.7375499458633558,0.7414142289322344,-0.0682493045167671,0.816924585502752,0.7740893594114481,0.6733655357273995,0.7277428949107733,0.6756756756756757,0.2475757575757575
42,2,CLIP ViT-B/16 + MobileNetV3,"['clip', 'mobilenet']",mean,0.981054463517652,0.9388991809341558,0.8937591686824842,0.8070811829818574,0.811616137221122,0.8170412304648604,0.7276624511533578,0.7268397289951984,-0.0767179382176237,0.8052136700318753,0.763054010407321,0.6757502386722479,0.7344844679444811,0.7258687258687259,0.495050505050505
42,2,CLIP ViT-B/16 + MobileNetV3,"['clip', 'mobilenet']",stacking,0.9816623535886762,0.937955931950354,0.89582156622057,0.810224955618944,0.8160954435301323,0.8212334546913836,0.7375004809092758,0.7374802812024207,-0.0745881115291863,0.8071498633548086,0.7682576709133322,0.6698464052287582,0.7255948446794449,0.7239382239382239,0.4752525252525252
42,2,CLIP ViT-B/16 + Xception,"['clip', 'xception']",geometric,0.969715503545551,0.920597436262834,0.8899549844432473,0.8065040918509236,0.8175401136033832,0.8231924473097733,0.7439529093637158,0.7545300784563748,-0.066762537133474,0.8000538777024968,0.7739996411268617,0.6523200044062569,0.703536021150033,0.666023166023166,0.2178787878787878
42,2,CLIP ViT-B/16 + Xception,"['clip', 'xception']",mean,0.9681718589177732,0.9302335050182204,0.8751001790926047,0.7977872677208198,0.8013154910410524,0.8027735696097055,0.7231061792719858,0.7188302265877888,-0.0723266094828992,0.7846071898615936,0.7508523237035708,0.6500646985385914,0.7031229345670853,0.7007722007722008,0.4851515151515151
42,2,CLIP ViT-B/16 + Xception,"['clip', 'xception']",stacking,0.9736639438159296,0.9324864450370852,0.8845851500283112,0.796655069882988,0.798573606271777,0.8163872902337261,0.7275140562911178,0.7180569140829371,-0.068197859794585,0.7959511212475129,0.750672887134398,0.6438239333186457,0.6910938532716459,0.6640926640926641,0.5643434343434344
42,2,DINO (ConvNeXt-B) + ViT-B/16,"['dino', 'vit']",geometric,0.9901119897042604,0.9516839369448232,0.8962095100656555,0.8008705831918086,0.8066824247533575,0.8354883567910896,0.7400616663094198,0.7369416371413157,-0.0607211532745659,0.8020120536226979,0.7661044320832585,0.6979397444371007,0.7494877726371447,0.6833976833976834,0.1089898989898989
42,2,DINO (ConvNeXt-B) + ViT-B/16,"['dino', 'vit']",mean,0.9899527173728044,0.9514939299552804,0.8885361808276301,0.7754510929006798,0.774138979490298,0.8230565870183881,0.7081677631398154,0.687820422369597,-0.0654795938092419,0.7910421680887341,0.7346133141934327,0.7102865168539325,0.7624256444150693,0.7316602316602316,0.3069696969696969
42,2,DINO (ConvNeXt-B) + ViT-B/16,"['dino', 'vit']",stacking,0.9937601533953204,0.9667759206856538,0.906005104349367,0.8057731097517409,0.8057944572367517,0.8406534252991875,0.7272007782486108,0.7064702508027937,-0.0653516790501794,0.7959292525497128,0.7531849991028171,0.7622240948813983,0.8192167878387311,0.7297297297297297,0.3168686868686868
42,2,DINO (ConvNeXt-B) + ResNet-18,"['dino', 'resnet']",geometric,0.9924434870651876,0.9598338796034284,0.90283390158849,0.8057731097517409,0.8091774527114955,0.838972448385652,0.7357582153044568,0.7290433841679911,-0.063861453202838,0.7803457714480915,0.7394581015610981,0.7480529852390394,0.7990912095175149,0.6814671814671814,0.1881818181818181
42,2,DINO (ConvNeXt-B) + ResNet-18,"['dino', 'resnet']",mean,0.9919268812368588,0.9572348554250388,0.8957362672792897,0.785382556458749,0.7868283282654861,0.8192240657145143,0.7057164998598493,0.7000806596164187,-0.0765122015647753,0.7592375966652579,0.6978288175130092,0.7407876184181539,0.790482485128883,0.750965250965251,0.4356565656565656
42,2,DINO (ConvNeXt-B) + ResNet-18,"['dino', 'resnet']",stacking,0.9943162975086008,0.9694631623949024,0.9077961930427652,0.8133852165740573,0.8156837625396274,0.8359269906698681,0.7324880322291656,0.7189050272876902,-0.0718692023728971,0.7769230110866814,0.7364076798851606,0.7673455606961885,0.8205717118307998,0.7335907335907336,0.3564646464646465
42,2,DINO (ConvNeXt-B) + MobileNetV3,"['dino', 'mobilenet']",geometric,0.9911993932437108,0.9561898169825532,0.9041364435960588,0.8150230561647073,0.8214099992571131,0.8399117935629627,0.7408970744227714,0.736979529896171,-0.064224650033096,0.8007554333381723,0.7600933070159699,0.778127230667548,0.8378717779246531,0.6737451737451737,0.198080808080808
42,2,DINO (ConvNeXt-B) + MobileNetV3,"['dino', 'mobilenet']",mean,0.9879194790744964,0.9493699232507482,0.8874407302319882,0.7841569248187659,0.7835561777317269,0.8103803763485894,0.7034191275481322,0.6941311174343335,-0.0770603538833988,0.7846305229811213,0.734703032478019,0.7743382169347139,0.8355750165234632,0.7567567567567568,0.4554545454545454
42,2,DINO (ConvNeXt-B) + MobileNetV3,"['dino', 'mobilenet']",stacking,0.9932458763483836,0.9659616050161846,0.9059874881589642,0.8147867236063249,0.8177378267430352,0.8370314199096894,0.7343731965902158,0.7206519854343679,-0.0689560682492748,0.7908417050255667,0.7570428853400323,0.7830073070426673,0.8378387309980172,0.7084942084942085,0.2772727272727273
42,2,DINO (ConvNeXt-B) + Xception,"['dino', 'xception']",geometric,0.9901956947906888,0.956820911626392,0.9040529775931778,0.8211731987886582,0.8301534189082671,0.8395647342968138,0.7485861267292123,0.7502184169142059,-0.064488243296364,0.7871331383569702,0.7569531670554459,0.7542257105089226,0.8089391936549901,0.6737451737451737,0.1782828282828283
42,2,DINO (ConvNeXt-B) + Xception,"['dino', 'xception']",mean,0.98428252589721,0.9473002042575136,0.8715231580645864,0.7790070734884335,0.7808355817185839,0.7976726023239498,0.7000280301406454,0.6921501937492597,-0.0738505557406365,0.7662232788187701,0.7194509240983312,0.7506118454872586,0.805783212161269,0.7316602316602316,0.4158585858585858
42,2,DINO (ConvNeXt-B) + Xception,"['dino', 'xception']",stacking,0.9926282929752556,0.9663551909230946,0.9011225783185944,0.8158419759600323,0.8191557688052202,0.8330600768012058,0.7354339450499321,0.7220839804395897,-0.0680625015173888,0.7879230799795879,0.7552485196483043,0.7774347873981052,0.8308988764044944,0.7027027027027027,0.2475757575757575
42,2,ViT-B/16 + ResNet-18,"['vit', 'resnet']",geometric,0.974065958511058,0.9163358509259448,0.8552215932680818,0.754192154858283,0.75950959832231,0.7849240004671189,0.6953453478210688,0.7064549098939275,-0.0702975928009629,0.7562271035628957,0.7246545846043424,0.6096022985973415,0.6420852610707204,0.6698841698841699,0.1782828282828283
42,2,ViT-B/16 + ResNet-18,"['vit', 'resnet']",mean,0.9775225819697028,0.9293852595291898,0.858210719249264,0.7579899641104277,0.7591390203210896,0.7840241014406352,0.685397395944973,0.6835083296011855,-0.0741866178086287,0.7357492321630098,0.6798851605957295,0.6135552250862892,0.649272967614012,0.7065637065637066,0.4356565656565656
42,2,ViT-B/16 + ResNet-18,"['vit', 'resnet']",stacking,0.9777404403173005,0.9287677368131756,0.8585046166330115,0.7626011970518888,0.7671130952380952,0.7834003401043012,0.6897613041160338,0.6942745879663982,-0.0751042765287103,0.7326973610111643,0.6810514982953526,0.6151766541822722,0.6507270323859882,0.7084942084942085,0.5544444444444444
42,2,ViT-B/16 + MobileNetV3,"['vit', 'mobilenet']",geometric,0.96470552355975,0.899703453377035,0.8459437200426352,0.7467009623681622,0.7540596933684115,0.7776421118222119,0.689645885889847,0.69975009305046,-0.0683016082204233,0.774900921293743,0.7363179616005742,0.6288043989131233,0.6746034368803702,0.6621621621621622,0.207979797979798
42,2,ViT-B/16 + MobileNetV3,"['vit', 'mobilenet']",mean,0.964655164536892,0.9023092635193366,0.8482519865939513,0.7571380676790493,0.765304496542347,0.7723562128212105,0.6858370844256844,0.6959246314826341,-0.0758957737727408,0.7651863543361024,0.7189126143908129,0.6405212969082764,0.6909451421017845,0.6911196911196911,0.3861616161616161
42,2,ViT-B/16 + MobileNetV3,"['vit', 'mobilenet']",stacking,0.9646560246129076,0.9023635512306346,0.8482444701510015,0.7591386502662864,0.7695608278647148,0.7723733038417884,0.6874474434862899,0.7009465713083719,-0.075871166309213,0.7651890228379172,0.7196303606675041,0.6404269295733275,0.6906311962987441,0.6853281853281853,0.5148484848484849
42,2,ViT-B/16 + Xception,"['vit', 'xception']",geometric,0.9450553297311516,0.8763122357715302,0.822590128277642,0.7366760650079419,0.7526395407070097,0.7613031562308825,0.6851061023265017,0.706617918151653,-0.0612869720467594,0.7623764056536702,0.7294993719720079,0.6062945215539399,0.6436549900859221,0.6621621621621622,0.1881818181818181
42,2,ViT-B/16 + Xception,"['vit', 'xception']",mean,0.9378651415002716,0.8664793740626887,0.8151864548806338,0.734417165438287,0.7488226549261365,0.7499509708737679,0.6743062540190276,0.6905809928100377,-0.0652354840068658,0.7430150419216754,0.7048268437107482,0.612234302709848,0.6528916060806345,0.6795366795366795,0.3465656565656566
42,2,ViT-B/16 + Xception,"['vit', 'xception']",stacking,0.9447349184387056,0.8773301303583667,0.8199325441373067,0.7369618625204043,0.7487808846919011,0.757458353362907,0.6771422447196161,0.6908214340226425,-0.0624741907743996,0.7509964820359549,0.7102996590705186,0.6020482852316957,0.636731658955717,0.6756756756756757,0.4257575757575757
42,2,ResNet-18 + MobileNetV3,"['resnet', 'mobilenet']",geometric,0.9739862169447974,0.9167430087606794,0.8589849884530993,0.7659428295052955,0.7739044565021184,0.7685693789456749,0.6950540542025975,0.7116605864072423,-0.0904156095074244,0.7333450096559087,0.69083079131527,0.6617954395241243,0.7104263053536022,0.6737451737451737,0.3267676767676767
42,2,ResNet-18 + MobileNetV3,"['resnet', 'mobilenet']",mean,0.9765461466418234,0.9275666212007084,0.8593769111156858,0.7683995888912706,0.7741274971725066,0.767440183981272,0.6919982192616532,0.7010530358800371,-0.0919367271344138,0.7367877675095782,0.6899336084694061,0.6631939120217376,0.712524785194977,0.7162162162162162,0.495050505050505
42,2,ResNet-18 + MobileNetV3,"['resnet', 'mobilenet']",stacking,0.976940242828356,0.9270780317990268,0.8595666403082255,0.7717961824047662,0.7815339608643722,0.7681862471504968,0.6969282263516299,0.7121416975094356,-0.0913803931577287,0.7332004712313863,0.6870626233626413,0.6599817507527356,0.707088565763384,0.693050193050193,0.495050505050505
42,2,ResNet-18 + Xception,"['resnet', 'xception']",geometric,0.959591000529002,0.9022142600245652,0.8412513871815998,0.7642720132785921,0.7840687113599291,0.7515423932106124,0.701017329222246,0.7345289510284753,-0.0897089939709873,0.7064324203705228,0.6828458639870806,0.6437438128809576,0.6918869795109055,0.6602316602316602,0.2475757575757575
42,2,ResNet-18 + Xception,"['resnet', 'xception']",mean,0.9634860676759782,0.9163019211063836,0.8376832529779453,0.7588033877997439,0.7676062677730765,0.7475273637529818,0.6872660719879965,0.6992817770073514,-0.0901558892249635,0.7093302506279685,0.6806029068724206,0.6435478813248147,0.6914408460013218,0.6891891891891891,0.4653535353535353
42,2,ResNet-18 + Xception,"['resnet', 'xception']",stacking,0.9683385649824784,0.9177473314196916,0.8439783988962979,0.7575392834176986,0.7639785780398157,0.7541135482293843,0.6856447207153732,0.6969170278834639,-0.0898648506669136,0.7037159506083746,0.6703750224295711,0.6395357641183814,0.6817415730337077,0.693050193050193,0.5346464646464646
42,2,MobileNetV3 + Xception,"['mobilenet', 'xception']",geometric,0.9365791006633432,0.8631406798178647,0.8275632285975676,0.7522575255431527,0.7798872969831923,0.7339304557261713,0.6858700610617378,0.7277542524257046,-0.0936327728713962,0.7432446957912813,0.6950475506908308,0.6535720423000662,0.7053536021150033,0.6640926640926641,0.2871717171717172
42,2,MobileNetV3 + Xception,"['mobilenet', 'xception']",mean,0.9392149588143166,0.8708698927139106,0.827206945669736,0.7527796556139975,0.7750331341118808,0.7342961928223236,0.6829186521349624,0.7125403595487703,-0.0929107528474123,0.7408766933149116,0.6980082540821819,0.6579426085040758,0.7101123595505618,0.6756756756756757,0.4059595959595959
42,2,MobileNetV3 + Xception,"['mobilenet', 'xception']",stacking,0.9469175805653997,0.8779883688578544,0.8345103367000026,0.7547912304132522,0.7736990803909733,0.7399311369785678,0.6826493429405266,0.7102388205007252,-0.0945791997214348,0.7458792067507369,0.7024044500269155,0.6640281633252552,0.7219762062128221,0.6776061776061776,0.4752525252525252
42,3,CLIP ViT-B/16 + DINO (ConvNeXt-B) + ViT-B/16,"['clip', 'dino', 'vit']",geometric,0.991730434870872,0.95687519933769,0.9124827923213276,0.808889401858783,0.8113559671451667,0.8554496504103476,0.7446399226148274,0.7356268208302986,-0.05703314191098,0.8270429423447728,0.7840480890005384,0.7014602702504222,0.7520323859881031,0.6872586872586872,0.1485858585858586
42,3,CLIP ViT-B/16 + DINO (ConvNeXt-B) + ViT-B/16,"['clip', 'dino', 'vit']",mean,0.9919817175056276,0.9578320202493164,0.908423799202653,0.8099776308485438,0.8123527815468113,0.8472970417425193,0.7395120557085305,0.7283782931875362,-0.0611267574601337,0.8142385106271295,0.7641306298223578,0.7040416758463686,0.7547422339722407,0.7297297297297297,0.3465656565656566
42,3,CLIP ViT-B/16 + DINO (ConvNeXt-B) + ViT-B/16,"['clip', 'dino', 'vit']",stacking,0.9954657752993752,0.9718653936198368,0.9226534623383256,0.817600729882878,0.8182321077451404,0.8637055169132724,0.7383029123865741,0.7194876961052886,-0.0589479454250532,0.8157670252124283,0.7623362641306298,0.7636703018285966,0.817746199603437,0.7393822393822393,0.4356565656565656
42,3,CLIP ViT-B/16 + DINO (ConvNeXt-B) + ResNet-18,"['clip', 'dino', 'resnet']",geometric,0.9940693387401724,0.9638918860229502,0.9200073873518227,0.8147702352882983,0.8170378171789666,0.8601132027917535,0.7465085986578509,0.739246947082768,-0.0598941845600693,0.8190862997717487,0.7713978108738561,0.7288877506058603,0.7822538003965631,0.6833976833976834,0.1881818181818181
42,3,CLIP ViT-B/16 + DINO (ConvNeXt-B) + ResNet-18,"['clip', 'dino', 'resnet']",mean,0.9942611880324486,0.966477338273515,0.9169105434513046,0.8164355554089927,0.8192685025351869,0.8480480893013318,0.7400616663094198,0.733202082710457,-0.0688624541499728,0.7992401799051856,0.7487888031580836,0.7251389072482926,0.7763879709187045,0.722007722007722,0.396060606060606
42,3,CLIP ViT-B/16 + DINO (ConvNeXt-B) + ResNet-18,"['clip', 'dino', 'resnet']",stacking,0.9957663371647196,0.971621098918996,0.9230627765507712,0.8213270897569073,0.8238596034958253,0.8588810138430085,0.7433648260207643,0.7329940530649588,-0.0641817627077627,0.8050050387497378,0.7530055625336444,0.7606247705074539,0.8124091209517516,0.7374517374517374,0.4059595959595959
42,3,CLIP ViT-B/16 + DINO (ConvNeXt-B) + MobileNetV3,"['clip', 'dino', 'mobilenet']",geometric,0.9931483135124292,0.9605803356337752,0.9197345756137346,0.820673053141849,0.8247219983883964,0.8603607920526212,0.7505592287864048,0.7446737889093292,-0.0593737835611134,0.8292133129733154,0.784406962138884,0.7486718440185064,0.8075842696629213,0.6795366795366795,0.198080808080808
42,3,CLIP ViT-B/16 + DINO (ConvNeXt-B) + MobileNetV3,"['clip', 'dino', 'mobilenet']",mean,0.9921338716823282,0.960661767200722,0.9114860821740616,0.8217008249655119,0.8268677585829638,0.8417437792467183,0.747069201470758,0.7446284293705052,-0.0697423029273434,0.813728940679953,0.7691548537591961,0.74992256003525,0.8082286847323199,0.7200772200772201,0.3861616161616161
42,3,CLIP ViT-B/16 + DINO (ConvNeXt-B) + MobileNetV3,"['clip', 'dino', 'mobilenet']",stacking,0.9953497645422656,0.9716346708468204,0.9231619115094364,0.8192825383215991,0.8203862016223745,0.8623880666897483,0.7411004303451005,0.7253998974024157,-0.0607738448196881,0.8139369861933995,0.7620671092768706,0.7693753763677755,0.8236120290812954,0.7297297297297297,0.4554545454545454
42,3,CLIP ViT-B/16 + DINO (ConvNeXt-B) + Xception,"['clip', 'dino', 'xception']",geometric,0.9926531975058496,0.960939991721124,0.9195668535376716,0.8247236832704029,0.8301619508662055,0.8605313354731257,0.7555606852544972,0.7525165684523313,-0.0590355180645458,0.8215329091521899,0.7871882289610622,0.7350151648674451,0.7940680766688697,0.6776061776061776,0.1881818181818181
42,3,CLIP ViT-B/16 + DINO (ConvNeXt-B) + Xception,"['clip', 'dino', 'xception']",mean,0.9908585023257986,0.958435971037506,0.903744492590974,0.8228275266973349,0.8291154673932635,0.8362670542170101,0.7495479452807686,0.7482612130352397,-0.0674774383739638,0.8037102784148826,0.7658352772294994,0.73511070720423,0.7916721744877726,0.7027027027027027,0.3762626262626262
42,3,CLIP ViT-B/16 + DINO (ConvNeXt-B) + Xception,"['clip', 'dino', 'xception']",stacking,0.9952656586558124,0.9719332532589592,0.9213159476018165,0.8244708623939938,0.8273740993584027,0.861134926830271,0.7467394351102244,0.7349225706988196,-0.0601810207715454,0.8135037451609405,0.763502601830253,0.7668771755893369,0.8207369464639789,0.7277992277992278,0.4059595959595959
42,3,CLIP ViT-B/16 + ViT-B/16 + ResNet-18,"['clip', 'vit', 'resnet']",geometric,0.9843031523836276,0.9379898617699152,0.8951762451963957,0.7897464646298098,0.7928321157605723,0.8303803062271486,0.7298828779809505,0.7307530062727696,-0.064795938969247,0.8068964695818618,0.766194150367845,0.6425414922523316,0.6806675479180435,0.6814671814671814,0.1782828282828283
42,3,CLIP ViT-B/16 + ViT-B/16 + ResNet-18,"['clip', 'vit', 'resnet']",mean,0.9865632827035647,0.9464519587684832,0.8950308415720541,0.8058555513418743,0.8139196763454002,0.8249555607221921,0.7331585571622505,0.7394060405026058,-0.070075280849862,0.7866145378091398,0.743226269513727,0.6400606594697804,0.681906807666887,0.7027027027027027,0.3564646464646465
42,3,CLIP ViT-B/16 + ViT-B/16 + ResNet-18,"['clip', 'vit', 'resnet']",stacking,0.987528476841754,0.9499738740389378,0.8989162562764479,0.8100435841206505,0.8170238448180933,0.8276212039500886,0.7333893936146241,0.7373959929191276,-0.0712950523263592,0.7858658277938327,0.7384712004306477,0.6451212822207535,0.6910773298083279,0.7027027027027027,0.4653535353535353
42,3,CLIP ViT-B/16 + ViT-B/16 + MobileNetV3,"['clip', 'vit', 'mobilenet']",geometric,0.9807936352086416,0.9305253014664469,0.8918991399797951,0.7913403353723887,0.7968254138146945,0.8284736045922525,0.7319713982643298,0.7350555510281694,-0.0634255353875425,0.8175798491404804,0.7748071056881393,0.6575233531614894,0.7026437541308658,0.6737451737451737,0.1881818181818181
42,3,CLIP ViT-B/16 + ViT-B/16 + MobileNetV3,"['clip', 'vit', 'mobilenet']",mean,0.9812989355237176,0.9361372936218724,0.8894364520732444,0.8024149889803075,0.8105122231475528,0.8179526694576096,0.731344842179316,0.7369854021275336,-0.0714837826156348,0.8030226185142674,0.762605418984389,0.6608150473672616,0.7120786516853931,0.7007722007722008,0.3663636363636363
42,3,CLIP ViT-B/16 + ViT-B/16 + MobileNetV3,"['clip', 'vit', 'mobilenet']",stacking,0.9824909614820492,0.9386616721972272,0.8947654154321353,0.7986226758341715,0.8002311735328114,0.8235570424934535,0.7278163421216068,0.7188764823087971,-0.0712083729386817,0.8075381466402276,0.7568634487708595,0.6634629874421679,0.7173165895571711,0.7181467181467182,0.6039393939393939
42,3,CLIP ViT-B/16 + ViT-B/16 + Xception,"['clip', 'vit', 'xception']",geometric,0.9755348767015136,0.9234746849616252,0.8858896862610026,0.7924780293162295,0.8005430418797278,0.8242629816383253,0.735131659219443,0.742098446982265,-0.0616267046226772,0.8124391431076194,0.7746276691189664,0.6441898729529265,0.686351619299405,0.6698841698841699,0.1782828282828283
42,3,CLIP ViT-B/16 + ViT-B/16 + Xception,"['clip', 'vit', 'xception']",mean,0.9740441474549428,0.9288288104883858,0.8760607247057814,0.7985622186680736,0.8083477569717157,0.8089481745732272,0.7293552518040968,0.7360714343139829,-0.0671125501325542,0.7925835207711788,0.7549793647945451,0.6425240875376368,0.6889788499669531,0.6988416988416989,0.3564646464646465
42,3,CLIP ViT-B/16 + ViT-B/16 + Xception,"['clip', 'vit', 'xception']",stacking,0.9782471662956068,0.9340132869173402,0.8864069475409584,0.7929451983269853,0.7929019454782337,0.8224350754219016,0.7233590001483948,0.709632757606175,-0.0639718721190567,0.8031419851564262,0.7482504934505653,0.6382575089961078,0.6839391936549901,0.6563706563706564,0.6336363636363637
42,3,CLIP ViT-B/16 + ResNet-18 + MobileNetV3,"['clip', 'resnet', 'mobilenet']",geometric,0.9859573083435412,0.9403310193196392,0.9013958872544994,0.8014146976866889,0.8072404852597548,0.8293452459007458,0.7354449372619499,0.7423635010945604,-0.0720506413537536,0.8028385732458024,0.758568096178001,0.6797147315855181,0.7306840713813616,0.667953667953668,0.2277777777777777
42,3,CLIP ViT-B/16 + ResNet-18 + MobileNetV3,"['clip', 'resnet', 'mobilenet']",mean,0.9874462910759648,0.9464112429850098,0.8970460553337278,0.8083397912578938,0.8174546672808745,0.8158427732264617,0.726370866241268,0.738290736671678,-0.0812032821072661,0.7885239484858092,0.7389197918535798,0.6797390761548066,0.7330964970257765,0.694980694980695,0.4257575757575757
42,3,CLIP ViT-B/16 + ResNet-18 + MobileNetV3,"['clip', 'resnet', 'mobilenet']",stacking,0.9881533674099744,0.9495124284929052,0.9008072976620788,0.8171940180382199,0.8267141807724168,0.8228671390278923,0.7344721264983759,0.7458039124898715,-0.0779401586341865,0.7906038015802282,0.7406244392607213,0.6699044209444077,0.7202577660277595,0.7046332046332047,0.4356565656565656
42,3,CLIP ViT-B/16 + ResNet-18 + Xception,"['clip', 'resnet', 'xception']",geometric,0.9824535692650608,0.9373180513426028,0.8982305370651902,0.8031184905494457,0.810719984782356,0.8260431471698535,0.7376708601955515,0.7475511456195655,-0.0721873898953366,0.7939638033349308,0.760362461869729,0.6676237423808475,0.7182088565763384,0.667953667953668,0.2178787878787878
42,3,CLIP ViT-B/16 + ResNet-18 + Xception,"['clip', 'resnet', 'xception']",mean,0.9840759099855118,0.942828254039345,0.8888276157484205,0.8114066184108559,0.8243640272303834,0.8085631893391936,0.7320428476424453,0.7492129791568075,-0.0802644264092269,0.7759068976638991,0.7336264130629823,0.6655534625835353,0.7175313945803041,0.6911196911196911,0.396060606060606
42,3,CLIP ViT-B/16 + ResNet-18 + Xception,"['clip', 'resnet', 'xception']",stacking,0.9869149685724408,0.9490713408386094,0.8986795622671904,0.8162376955926726,0.8252632679192036,0.8230981659576635,0.7336806872330953,0.7419258628035791,-0.0755813963095268,0.782717792948536,0.735600215323883,0.6551820885657634,0.704676140118969,0.7007722007722008,0.495050505050505
42,3,CLIP ViT-B/16 + MobileNetV3 + Xception,"['clip', 'mobilenet', 'xception']",geometric,0.9772624704226598,0.926915168665133,0.8950709396003463,0.8034097841679171,0.8124144513611739,0.8224898093558697,0.7380995564642451,0.7483204461908988,-0.0725811302444766,0.8089247262174087,0.7747173874035529,0.6810583461849158,0.7372273628552545,0.6640926640926641,0.2475757575757575
42,3,CLIP ViT-B/16 + MobileNetV3 + Xception,"['clip', 'mobilenet', 'xception']",mean,0.976499410253008,0.9287541648853512,0.8836028908503744,0.8051465536667272,0.8194498907624223,0.801083330380012,0.7258212556403788,0.7449538845375161,-0.0825195604703623,0.7933117939677086,0.7526466893952988,0.6837421972534332,0.7415730337078652,0.6756756756756757,0.4059595959595959
42,3,CLIP ViT-B/16 + MobileNetV3 + Xception,"['clip', 'mobilenet', 'xception']",stacking,0.9813270495221008,0.9381052231564232,0.8954679066719289,0.8114011223048471,0.8179797690467476,0.8198512561226758,0.7324880322291656,0.7359449679648888,-0.075616650549253,0.8056163371929307,0.7673604880674681,0.6729233678490122,0.7285360211500331,0.7181467181467182,0.5049494949494949
42,3,DINO (ConvNeXt-B) + ViT-B/16 + ResNet-18,"['dino', 'vit', 'resnet']",geometric,0.9911142171512126,0.955321213601786,0.8974930018388452,0.7980016158551666,0.8027288292978793,0.8341077029194239,0.7364067558135061,0.736001937600458,-0.0633852989194212,0.7929551584629599,0.7551588013637179,0.6969223397224058,0.744613350958361,0.6698841698841699,0.1485858585858586
42,3,DINO (ConvNeXt-B) + ViT-B/16 + ResNet-18,"['dino', 'vit', 'resnet']",mean,0.991375945319068,0.9584020412179448,0.891887608040817,0.7889934981065915,0.7906446652343196,0.8192396571143551,0.7150104151208868,0.7088496718080597,-0.0726479509264619,0.7701223830254907,0.723667683473892,0.7026760299625469,0.7502478519497687,0.7374517374517374,0.3564646464646465
42,3,DINO (ConvNeXt-B) + ViT-B/16 + ResNet-18,"['dino', 'vit', 'resnet']",stacking,0.9944562956822564,0.9686284888336965,0.9073630661299684,0.8086255887703562,0.8105178380966892,0.8370692652959607,0.7316416319037962,0.7181165820906724,-0.0702938008340077,0.7814617096186441,0.7410730306836534,0.7582301167658074,0.8133013879709186,0.7335907335907336,0.3861616161616161
42,3,DINO (ConvNeXt-B) + ViT-B/16 + MobileNetV3,"['dino', 'vit', 'mobilenet']",geometric,0.9892388460356492,0.9492206320446788,0.8960136353673154,0.7994910605835766,0.8057298045689334,0.8340462229150795,0.7370882729586088,0.7369682839924339,-0.0619674124522359,0.8048537965279733,0.7647586578144626,0.7157444003818756,0.7719101123595505,0.6776061776061776,0.1584848484848484
42,3,DINO (ConvNeXt-B) + ViT-B/16 + MobileNetV3,"['dino', 'vit', 'mobilenet']",mean,0.9877206379738966,0.9496277898794134,0.885391929312885,0.7906368338032504,0.7950964729676666,0.813318139300673,0.7160381869445498,0.7147321576465652,-0.072073790012212,0.7882784300474867,0.7446617620671093,0.7295935595211867,0.787128222075347,0.7104247104247104,0.3465656565656566
42,3,DINO (ConvNeXt-B) + ViT-B/16 + MobileNetV3,"['dino', 'vit', 'mobilenet']",stacking,0.9935206824264442,0.9662058997170252,0.9059254204954515,0.8095819112159035,0.8114154455790459,0.8392781180330056,0.733900531473451,0.7189136467610279,-0.0666473024624461,0.7938025216886554,0.7538130270949219,0.7693989498421092,0.8261731658955718,0.7200772200772201,0.3366666666666666
42,3,DINO (ConvNeXt-B) + ViT-B/16 + Xception,"['dino', 'vit', 'xception']",geometric,0.9881694630634892,0.9476327164892135,0.8933391645317346,0.8012717989304577,0.8099627893287363,0.8319833992515423,0.7419523267764788,0.7462560732409894,-0.0613557652801922,0.7992167817002476,0.763951193253185,0.7018273848865388,0.7547091870456047,0.666023166023166,0.1485858585858586
42,3,DINO (ConvNeXt-B) + ViT-B/16 + Xception,"['dino', 'vit', 'xception']",mean,0.9848174806210004,0.9466758955775874,0.8731820049824037,0.7844866911792995,0.7901575477352513,0.8045478001356017,0.7124052608726718,0.7110011432484826,-0.068634204846802,0.7780586864078526,0.7345235959088462,0.7132652199456562,0.7668539325842696,0.7104247104247104,0.3366666666666666
42,3,DINO (ConvNeXt-B) + ViT-B/16 + Xception,"['dino', 'vit', 'xception']",stacking,0.9932203262814666,0.966504482129164,0.9027969004875824,0.8083837601059649,0.8096402909122676,0.8369826954498789,0.7313668266033515,0.7142347651705167,-0.0658142050377034,0.7928042742109508,0.7530055625336444,0.7649959976499963,0.8210178453403832,0.7258687258687259,0.3366666666666666
42,3,DINO (ConvNeXt-B) + ResNet-18 + MobileNetV3,"['dino', 'resnet', 'mobilenet']",geometric,0.991143118753758,0.9554637188439432,0.8996433529420734,0.8040418363589397,0.8085444567353646,0.832216434485063,0.7330431389360638,0.7320283794370456,-0.0674269184570104,0.7864960010059602,0.7411627489682397,0.7550988103106411,0.8100132187706544,0.6718146718146718,0.2277777777777777
42,3,DINO (ConvNeXt-B) + ResNet-18 + MobileNetV3,"['dino', 'resnet', 'mobilenet']",mean,0.990419308994752,0.9552872837822248,0.8892059948956161,0.7969133868654059,0.8022942872888565,0.8086342451561332,0.7129823520036055,0.7186072075178894,-0.0805717497394828,0.7704799622686861,0.7157724744302889,0.7485398031871924,0.8034038334434898,0.7046332046332047,0.4059595959595959
42,3,DINO (ConvNeXt-B) + ResNet-18 + MobileNetV3,"['dino', 'resnet', 'mobilenet']",stacking,0.9943338379977942,0.96873027829238,0.9065125376364144,0.8102139634069262,0.8114265742667256,0.8351688083964841,0.7277174122134468,0.7146009159777631,-0.0713437292399302,0.780608797861736,0.7363179616005742,0.771199566718073,0.8241738268341045,0.7393822393822393,0.4356565656565656
42,3,DINO (ConvNeXt-B) + ResNet-18 + Xception,"['dino', 'resnet', 'xception']",geometric,0.9907485741236676,0.9571059221107062,0.8986694025003289,0.805256475786905,0.8111861281779379,0.8317054160880758,0.7369563664143954,0.7386755776875027,-0.0669639864122531,0.7767172110198841,0.7429571146599677,0.741550378203716,0.7946463978849967,0.6698841698841699,0.2178787878787878
42,3,DINO (ConvNeXt-B) + ResNet-18 + Xception,"['dino', 'resnet', 'xception']",mean,0.9892059806253494,0.9548394101640169,0.8815202949906016,0.7956327941653338,0.8038073530032501,0.8017039633590451,0.7141805031135441,0.7231591499510243,-0.0798163316315564,0.7572970914339041,0.7109276870626233,0.7353538224278475,0.7874917382683411,0.7007722007722008,0.3861616161616161
42,3,DINO (ConvNeXt-B) + ResNet-18 + Xception,"['dino', 'resnet', 'xception']",stacking,0.9941634818824456,0.968893141426274,0.9046867582805966,0.8109944104601889,0.8134267221501853,0.8331805076587055,0.7271897860365931,0.718382816001634,-0.071506250621891,0.7779453727088349,0.7345235959088462,0.7681904604538445,0.8205551883674818,0.7297297297297297,0.4059595959595959
42,3,DINO (ConvNeXt-B) + MobileNetV3 + Xception,"['dino', 'mobilenet', 'xception']",geometric,0.9882335364259626,0.9497635091576584,0.897784474117395,0.8121376005100387,0.8217464994393888,0.8304226617138338,0.7412982901614207,0.7475543828034497,-0.0673618124035612,0.79386513385319,0.7527364076798851,0.7601873026364104,0.818093192333113,0.6698841698841699,0.2178787878787878
42,3,DINO (ConvNeXt-B) + MobileNetV3 + Xception,"['dino', 'mobilenet', 'xception']",mean,0.983562863713872,0.9409213981800044,0.8763699693363435,0.7930331360231276,0.8052945890747395,0.7948844824535476,0.7133450950001924,0.7289470948965804,-0.0814854868827958,0.775954898153862,0.7285124708415575,0.755551663361974,0.8132518175809651,0.6853281853281853,0.3762626262626262
42,3,DINO (ConvNeXt-B) + MobileNetV3 + Xception,"['dino', 'mobilenet', 'xception']",stacking,0.9930131659681084,0.966056608510956,0.9042930698618296,0.8192825383215991,0.8245232974527834,0.8347548194624896,0.7391603049239613,0.7340025445720467,-0.0695382503993399,0.789977321965125,0.7541719002332675,0.7818871631049423,0.8359054857898216,0.696911196911197,0.2673737373737374
42,4,CLIP ViT-B/16 + DINO (ConvNeXt-B) + ViT-B/16 + ResNet-18,"['clip', 'dino', 'vit', 'resnet']",geometric,0.992534925166778,0.9587549113413816,0.9131287089084604,0.8060808916882389,0.808128816840594,0.8529936996206609,0.7426668205576349,0.7366514615475473,-0.0601350092877996,0.8195064749081262,0.7761528799569353,0.7020731805830946,0.7489424983476537,0.6756756756756757,0.1683838383838383
42,4,CLIP ViT-B/16 + DINO (ConvNeXt-B) + ViT-B/16 + ResNet-18,"['clip', 'dino', 'vit', 'resnet']",mean,0.9932047458874907,0.9622361108283626,0.910221296758619,0.812066151131923,0.8164317081288854,0.8423959909559346,0.7384348189307876,0.7343347903025025,-0.0678253058026843,0.7988467711437195,0.7483402117351516,0.7019014834398178,0.7505287508261731,0.7239382239382239,0.3564646464646465
42,4,CLIP ViT-B/16 + DINO (ConvNeXt-B) + ViT-B/16 + ResNet-18,"['clip', 'dino', 'vit', 'resnet']",stacking,0.9957709939606058,0.9716143129550836,0.9229627829193738,0.8118078341495051,0.8112892469977458,0.8587928255105912,0.7332959598124729,0.7157801023814823,-0.0641699574087826,0.8050512656622751,0.7475327471738741,0.7603631857237276,0.8121943159286186,0.7393822393822393,0.5247474747474747
42,4,CLIP ViT-B/16 + DINO (ConvNeXt-B) + ViT-B/16 + MobileNetV3,"['clip', 'dino', 'vit', 'mobilenet']",geometric,0.9913419636888476,0.9549683434783494,0.9119939851191556,0.808021017109378,0.8111095488908837,0.8530245248973221,0.74353520530704,0.7375490025141032,-0.0589694602218336,0.8268079840142422,0.7828817513009151,0.7163250716016744,0.7680766688697951,0.6737451737451737,0.1782828282828283
42,4,CLIP ViT-B/16 + DINO (ConvNeXt-B) + ViT-B/16 + MobileNetV3,"['clip', 'dino', 'vit', 'mobilenet']",mean,0.991016946024054,0.9562576766216756,0.9059218595291212,0.8094445085656812,0.8137179576726968,0.8378614682002804,0.7376598679835337,0.733415247137671,-0.0680603913288409,0.810587528275136,0.7624259824152162,0.7222505324227069,0.7752974223397224,0.7200772200772201,0.3663636363636363
42,4,CLIP ViT-B/16 + DINO (ConvNeXt-B) + ViT-B/16 + MobileNetV3,"['clip', 'dino', 'vit', 'mobilenet']",stacking,0.995345112347767,0.9715125234964,0.922789381722894,0.8215909028453341,0.8236016541590362,0.8620720094858231,0.7444255744804806,0.7309950654564598,-0.0607173722370708,0.8139261494726147,0.7633231652610802,0.7678760740251156,0.8220588235294117,0.7297297297297297,0.4257575757575757
42,4,CLIP ViT-B/16 + DINO (ConvNeXt-B) + ViT-B/16 + Xception,"['clip', 'dino', 'vit', 'xception']",geometric,0.9907591003727731,0.9543304628705984,0.9109817185833708,0.811708904241345,0.8164758695687111,0.8524627859012023,0.748190407096572,0.7453959433175882,-0.0585189326821684,0.8234687445053677,0.7847658352772295,0.706367738855842,0.7576834104428287,0.6795366795366795,0.1683838383838383
42,4,CLIP ViT-B/16 + DINO (ConvNeXt-B) + ViT-B/16 + Xception,"['clip', 'dino', 'vit', 'xception']",mean,0.989727720451794,0.9535161472011292,0.8991655502861136,0.8115000522130071,0.8179574418394807,0.833384531782462,0.7409685238008871,0.7397369205791723,-0.0657810185036515,0.8041869802299487,0.7600035887313834,0.7099758757435559,0.7618803701255783,0.7200772200772201,0.3465656565656566
42,4,CLIP ViT-B/16 + DINO (ConvNeXt-B) + ViT-B/16 + Xception,"['clip', 'dino', 'vit', 'xception']",stacking,0.9952707686883682,0.9717839620528896,0.9210628917583964,0.8235530126905087,0.8263240465242088,0.8608537272563382,0.7464646298097798,0.7342772548703356,-0.0602091645020582,0.8135309508623702,0.7637717566840122,0.7654361092751708,0.8195142101784535,0.7277992277992278,0.4059595959595959
42,4,CLIP ViT-B/16 + DINO (ConvNeXt-B) + ResNet-18 + MobileNetV3,"['clip', 'dino', 'resnet', 'mobilenet']",geometric,0.9932225799068626,0.960546405814214,0.9169521070152378,0.8156935810977922,0.8193425348288457,0.8544337115759344,0.7466350090960554,0.7441233119265546,-0.0625183954393033,0.8183566109675491,0.771128656020097,0.7412489167951826,0.7958526107072044,0.6718146718146718,0.207979797979798
42,4,CLIP ViT-B/16 + DINO (ConvNeXt-B) + ResNet-18 + MobileNetV3,"['clip', 'dino', 'resnet', 'mobilenet']",mean,0.9932264885938288,0.962996138786534,0.9100763121586668,0.8125058396126345,0.81694176736998,0.8353660768788679,0.7291518958817678,0.7304953678891356,-0.0747102352797988,0.8000056982276559,0.7435851426520725,0.7382616215025335,0.7909616655651024,0.7239382239382239,0.4257575757575757
42,4,CLIP ViT-B/16 + DINO (ConvNeXt-B) + ResNet-18 + MobileNetV3,"['clip', 'dino', 'resnet', 'mobilenet']",stacking,0.995776415545441,0.9715871690994348,0.9228316263095196,0.8155451862355522,0.8162521147349806,0.8585436147994666,0.7372201795028223,0.7228739682834091,-0.0642880115100529,0.8052979068239221,0.750224295711466,0.7621806932510833,0.8142101784534038,0.7374517374517374,0.4851515151515151
42,4,CLIP ViT-B/16 + DINO (ConvNeXt-B) + ResNet-18 + Xception,"['clip', 'dino', 'resnet', 'xception']",geometric,0.9930706511022878,0.9619511003440484,0.9173324491428844,0.8188318576288699,0.8237677967098475,0.8550388993135014,0.751114335493303,0.7511676722385239,-0.062293549829383,0.8134176371633526,0.7729230217118249,0.7318472864801351,0.786384666226041,0.6756756756756757,0.198080808080808
42,4,CLIP ViT-B/16 + DINO (ConvNeXt-B) + ResNet-18 + Xception,"['clip', 'dino', 'resnet', 'xception']",mean,0.992752446750327,0.9630164966782708,0.9061053517665352,0.8100106074845972,0.8139805198299521,0.83229076815209,0.7270688717043974,0.7266752896496684,-0.0738145836144452,0.7921525089140165,0.7402655661223757,0.7285758610560329,0.7797918043621943,0.7239382239382239,0.4257575757575757
42,4,CLIP ViT-B/16 + DINO (ConvNeXt-B) + ResNet-18 + Xception,"['clip', 'dino', 'resnet', 'xception']",stacking,0.99573641932657,0.9716075269911716,0.922124140491658,0.8159848747162636,0.8168866185744054,0.8576718314079909,0.7374180393191424,0.7234160800296406,-0.0644523090836672,0.804665406808383,0.7501345774268796,0.7614455092898582,0.8131031064111038,0.7374517374517374,0.4851515151515151
42,4,CLIP ViT-B/16 + DINO (ConvNeXt-B) + MobileNetV3 + Xception,"['clip', 'dino', 'mobilenet', 'xception']",geometric,0.991763073279388,0.9571330659663552,0.9166073644241616,0.824415901333905,0.8317401128158132,0.8547256268372384,0.7564730388519734,0.7597816245872933,-0.0618817375869232,0.8226515646386151,0.7819845684550512,0.7462395902181097,0.806361533377396,0.6621621621621622,0.198080808080808
42,4,CLIP ViT-B/16 + DINO (ConvNeXt-B) + MobileNetV3 + Xception,"['clip', 'dino', 'mobilenet', 'xception']",mean,0.989988901150398,0.9552262101070148,0.9026196862679552,0.8119067640576652,0.8180798528606589,0.8276728504659202,0.7298114286028349,0.7333911817343673,-0.0749468358020351,0.8041975077950354,0.7609904898618338,0.7469158037746935,0.8048909451421018,0.7123552123552124,0.4158585858585858
42,4,CLIP ViT-B/16 + DINO (ConvNeXt-B) + MobileNetV3 + Xception,"['clip', 'dino', 'mobilenet', 'xception']",stacking,0.995292118742972,0.9716957445220308,0.922255556815126,0.8242235376235937,0.8270196010557743,0.8609788790849107,0.7466789779441266,0.7355909062225715,-0.0612766777302153,0.8131494527309561,0.7637717566840122,0.7697004112506426,0.823859881031064,0.7200772200772201,0.4158585858585858
42,5,CLIP ViT-B/16 + DINO (ConvNeXt-B) + ViT-B/16 + ResNet-18 + MobileNetV3,"['clip', 'dino', 'vit', 'resnet', 'mobilenet']",geometric,0.9920528190082136,0.9573637887393714,0.9115032309293588,0.8107910545378599,0.8151723397401481,0.8494052917005683,0.7446454187208363,0.7441532624437628,-0.0620979392287903,0.8189791203726349,0.7723847120043065,0.7150451274142615,0.7637309980171844,0.667953667953668,0.1782828282828283
42,5,CLIP ViT-B/16 + DINO (ConvNeXt-B) + ViT-B/16 + ResNet-18 + MobileNetV3,"['clip', 'dino', 'vit', 'resnet', 'mobilenet']",mean,0.9925269572891288,0.960878918045914,0.9065405705903644,0.8102469400429796,0.8153022302824097,0.8340670226658197,0.7295311271963814,0.7312475083147196,-0.0724735479245448,0.7997097060537861,0.7468150008971829,0.7169561944628038,0.7674322538003966,0.7142857142857143,0.3861616161616161
42,5,CLIP ViT-B/16 + DINO (ConvNeXt-B) + ViT-B/16 + ResNet-18 + MobileNetV3,"['clip', 'dino', 'vit', 'resnet', 'mobilenet']",stacking,0.9957782012672444,0.9716686006663816,0.9227573536498752,0.8187714004627721,0.8205125413690995,0.8584640191839616,0.7408036406206203,0.7288657897157576,-0.0642933344659135,0.805327846112577,0.752018661403194,0.7622717558933685,0.814342366159947,0.7413127413127413,0.4455555555555555
42,5,CLIP ViT-B/16 + DINO (ConvNeXt-B) + ViT-B/16 + ResNet-18 + Xception,"['clip', 'dino', 'vit', 'resnet', 'xception']",geometric,0.9918198473074724,0.9569091291572512,0.911252115775231,0.8136984946165642,0.8195941307020485,0.8494123715208455,0.7492291711322528,0.7517694998612691,-0.0618397442543855,0.8165119928166535,0.77453795083438,0.7072066901667033,0.7556675479180436,0.6698841698841699,0.1683838383838383
42,5,CLIP ViT-B/16 + DINO (ConvNeXt-B) + ViT-B/16 + ResNet-18 + Xception,"['clip', 'dino', 'vit', 'resnet', 'xception']",mean,0.991998434154732,0.9601867497268648,0.9029215197982744,0.8123629408564033,0.8193058040203665,0.8315062137087197,0.7326309309853969,0.7373626670265893,-0.0714153060895547,0.7943364335792163,0.7453795083438005,0.7081270103547036,0.7575842696629214,0.7084942084942085,0.3663636363636363
42,5,CLIP ViT-B/16 + DINO (ConvNeXt-B) + ViT-B/16 + ResNet-18 + Xception,"['clip', 'dino', 'vit', 'resnet', 'xception']",stacking,0.9957376045673028,0.9716278848829082,0.922028047442586,0.8143140584895602,0.81465429748575,0.8575823682806247,0.73569226203235,0.7204622342095167,-0.0644456791619613,0.8046616969400062,0.7492373945810156,0.761398729529265,0.8133013879709188,0.7374517374517374,0.5049494949494949
42,5,CLIP ViT-B/16 + DINO (ConvNeXt-B) + ViT-B/16 + MobileNetV3 + Xception,"['clip', 'dino', 'vit', 'mobilenet', 'xception']",geometric,0.9903811209294484,0.9526611157481863,0.9098790586811352,0.8111647897464647,0.8165264012303486,0.8490247278962995,0.746250281675433,0.7463172065166626,-0.0608543307848357,0.8233842311003278,0.7818948501704648,0.7188415583461849,0.7720588235294117,0.6640926640926641,0.1881818181818181
42,5,CLIP ViT-B/16 + DINO (ConvNeXt-B) + ViT-B/16 + MobileNetV3 + Xception,"['clip', 'dino', 'vit', 'mobilenet', 'xception']",mean,0.9893475714542574,0.9532922103920252,0.8995167416291996,0.8103843426932019,0.8182852447618747,0.8276439879227169,0.7315262136776094,0.7378724134970379,-0.0718727537064827,0.8041687075010577,0.7583886596088283,0.7246702283909818,0.7785690680766688,0.6911196911196911,0.3663636363636363
42,5,CLIP ViT-B/16 + DINO (ConvNeXt-B) + ViT-B/16 + MobileNetV3 + Xception,"['clip', 'dino', 'vit', 'mobilenet', 'xception']",stacking,0.9952809588444612,0.9715193094603124,0.9219551028667272,0.8247951326485186,0.827891156462585,0.8606813121194625,0.7475528587995405,0.7371408950440654,-0.0612737907472646,0.8130929260522676,0.763502601830253,0.7686185283102005,0.8226206212822207,0.722007722007722,0.4059595959595959
42,5,CLIP ViT-B/16 + DINO (ConvNeXt-B) + ResNet-18 + MobileNetV3 + Xception,"['clip', 'dino', 'resnet', 'mobilenet', 'xception']",geometric,0.9922978777870488,0.9588431288722408,0.9142158284767516,0.8192165850494925,0.8255836766725525,0.8492025892387678,0.7500590831395956,0.7543165856293895,-0.0650132392379837,0.8136662308873033,0.7698726000358873,0.7416626643166631,0.7968770654329148,0.6640926640926641,0.207979797979798
42,5,CLIP ViT-B/16 + DINO (ConvNeXt-B) + ResNet-18 + MobileNetV3 + Xception,"['clip', 'dino', 'resnet', 'mobilenet', 'xception']",mean,0.9919540112093505,0.960159605871216,0.9034375189416962,0.8146877936981648,0.8226830255954478,0.8249621963247475,0.7294321972882213,0.7382730883126963,-0.0784753226169486,0.7940630585853627,0.7443028889287637,0.7386747815230962,0.7918043621943158,0.6988416988416989,0.4059595959595959
42,5,CLIP ViT-B/16 + DINO (ConvNeXt-B) + ResNet-18 + MobileNetV3 + Xception,"['clip', 'dino', 'resnet', 'mobilenet', 'xception']",stacking,0.9957600004789432,0.9716889585581184,0.922256349911097,0.8162212072746459,0.8172147636331832,0.8576720898866371,0.7378797122238894,0.7243109507954125,-0.0645842600244598,0.8049327125877428,0.750672887134398,0.7625627157229933,0.8143258426966293,0.7374517374517374,0.4851515151515151
42,5,CLIP ViT-B/16 + ViT-B/16 + ResNet-18 + MobileNetV3 + Xception,"['clip', 'vit', 'resnet', 'mobilenet', 'xception']",geometric,0.9842301908660026,0.9379830758060028,0.8947139632384011,0.7997823542020478,0.8082068453556142,0.8243258535742626,0.7330541311480816,0.7454322462970534,-0.0703881096641385,0.8066310838221004,0.766194150367845,0.6734468311669237,0.7192663582286847,0.6621621621621622,0.198080808080808
42,5,CLIP ViT-B/16 + ViT-B/16 + ResNet-18 + MobileNetV3 + Xception,"['clip', 'vit', 'resnet', 'mobilenet', 'xception']",mean,0.9855980514666888,0.943798646878796,0.8892337497349405,0.7995789982797188,0.8082855790967878,0.8097927066215285,0.7182201410300801,0.7289520013111218,-0.079441043113412,0.7871850602428929,0.7393683832765118,0.6766978409341265,0.725760079312624,0.696911196911197,0.4059595959595959
42,5,CLIP ViT-B/16 + ViT-B/16 + ResNet-18 + MobileNetV3 + Xception,"['clip', 'vit', 'resnet', 'mobilenet', 'xception']",stacking,0.988352386239167,0.9498720845802542,0.900029599571661,0.809197183795281,0.8164378925995643,0.8239110835234795,0.72745359912502,0.7346095593862555,-0.0761185160481814,0.7913200339758858,0.741431903821999,0.6670253726958948,0.7181592861863847,0.7065637065637066,0.4851515151515151
42,5,DINO (ConvNeXt-B) + ViT-B/16 + ResNet-18 + MobileNetV3 + Xception,"['dino', 'vit', 'resnet', 'mobilenet', 'xception']",geometric,0.9892813776190392,0.95025209855934,0.8937622873452922,0.8016070613970002,0.810521398163847,0.8260017301965334,0.7321362814445965,0.7431609901084018,-0.0677605571487587,0.7937011511623945,0.7517495065494347,0.7142916574869649,0.7652015862524785,0.6640926640926641,0.1881818181818181
42,5,DINO (ConvNeXt-B) + ViT-B/16 + ResNet-18 + MobileNetV3 + Xception,"['dino', 'vit', 'resnet', 'mobilenet', 'xception']",mean,0.9887921621250452,0.951595719413964,0.8837954454009992,0.7940169389987194,0.8025935992246592,0.804589434216165,0.7134110482722991,0.7237521058710095,-0.0792060111848341,0.7745143627716922,0.7246545846043424,0.7213635529118013,0.7715300727032386,0.693050193050193,0.3762626262626262
42,5,DINO (ConvNeXt-B) + ViT-B/16 + ResNet-18 + MobileNetV3 + Xception,"['dino', 'vit', 'resnet', 'mobilenet', 'xception']",stacking,0.994505658408856,0.9685674151584862,0.9066875950474796,0.8142151285814001,0.8185181009443737,0.8364439155447438,0.7329661934519393,0.7292565225628852,-0.0702436795027356,0.7836380355622125,0.7398169746994437,0.7634483733568334,0.818291473892928,0.7084942084942085,0.3663636363636363
42,6,CLIP ViT-B/16 + DINO (ConvNeXt-B) + ViT-B/16 + ResNet-18 + MobileNetV3 + Xception,"['clip', 'dino', 'vit', 'resnet', 'mobilenet', 'xception']",geometric,0.9913334672268078,0.955321213601786,0.9094711897508676,0.8120826394499497,0.8181107263122616,0.8455296369423876,0.7452335020637878,0.7491612372562176,-0.0639415528084799,0.8161861752535963,0.7723847120043065,0.7180375633399427,0.7679610046265698,0.6640926640926641,0.1881818181818181
42,6,CLIP ViT-B/16 + DINO (ConvNeXt-B) + ViT-B/16 + ResNet-18 + MobileNetV3 + Xception,"['clip', 'dino', 'vit', 'resnet', 'mobilenet', 'xception']",mean,0.9914435598326804,0.958184890372753,0.9013283880815044,0.8089718434489165,0.8161734761338093,0.8258739195452104,0.7268215469339973,0.734006914193362,-0.075454468536294,0.795503724138353,0.7460972546204917,0.7203918998310935,0.7715465961665566,0.7007722007722008,0.3861616161616161
42,6,CLIP ViT-B/16 + DINO (ConvNeXt-B) + ViT-B/16 + ResNet-18 + MobileNetV3 + Xception,"['clip', 'dino', 'vit', 'resnet', 'mobilenet', 'xception']",stacking,0.9957600913563466,0.9717025304859428,0.9222398692730848,0.8162761683347348,0.8172774182263425,0.8576951000435179,0.737951161602005,0.7244068090517615,-0.0645447692295667,0.8050412425091168,0.750672887134398,0.7625091797018433,0.81416060806345,0.7393822393822393,0.4851515151515151
42,6,CLIP ViT-B/16 + DINO (ConvNeXt-B) + ViT-B/16 + ResNet-18 + MobileNetV3 + Xception,"['clip', 'dino', 'vit', 'resnet', 'mobilenet', 'xception']",max,0.988345332312112,0.9504828213323562,0.8898128402062322,0.8035746673481838,0.8124242249292766,0.805777449250691,0.7185608996026316,0.7226221622763541,-0.0840353909555412,0.7429876084213101,0.705454871702853,0.6458537489902327,0.6968605419695969,0.584942084942085,0.9405050505050504
123,1,CLIP ViT-B/16,['clip'],single,0.9794989104031324,0.9289034560914206,0.8922236041615574,0.8021456797858717,0.8068878577367701,0.8333013300008252,0.7349337994031229,0.7293055836195864,-0.0589222741607322,0.8044806293290544,0.736497398169747,0.5847993684365131,0.6024454725710509,0.5791505791505791,0.5053709149360657
123,1,DINO (ConvNeXt-B),['dino'],single,0.9966452847167786,0.9760116175702178,0.926951626007842,0.8431631189302379,0.8519640596791932,0.8598398118540233,0.7598806245774868,0.7618959381318567,-0.0671118141538186,0.8126428929839977,0.7586578144625875,0.7161754424616288,0.7589226701916721,0.722007722007722,0.086632065474987
123,1,ViT-B/16,['vit'],single,0.948203156470465,0.8776422846983299,0.8206680444463579,0.7360440128169192,0.7500442390365258,0.7685071098590031,0.6919267698835375,0.7080071053879052,-0.0521609345873548,0.7522712448785511,0.7149650098690113,0.5856005728133951,0.610822868473232,0.6602316602316602,0.1384617984294891
123,1,ResNet-18,['resnet'],single,0.9739127969180792,0.9171365946675896,0.8431102534096122,0.7365551506757463,0.7368126286890871,0.7620633415594049,0.6664468224263109,0.6618865359651909,-0.0810469118502072,0.679826676251144,0.6513547460972546,0.5686297275464494,0.5971579643093192,0.6525096525096525,0.4717099368572235
123,1,MobileNetV3,['mobilenet'],single,0.9486472975392956,0.8734689168923,0.8310596299752335,0.7386216865350899,0.744101203704202,0.7506478850014398,0.6689420545543483,0.6726696699797303,-0.0804117449737937,0.7253730231974489,0.6933429032836892,0.6225962032753176,0.6709682749504297,0.696911196911197,0.5164125561714172
123,1,Xception,['xception'],single,0.8402532907991348,0.757259284895123,0.7557455486880412,0.6898217612821316,0.7379457652303121,0.6874530937361671,0.6477215892540136,0.7082806142418919,-0.068292454951874,0.6990426879909901,0.6680423470303248,0.5764541382095909,0.6031559814937211,0.6602316602316602,0.3291760385036468
123,2,CLIP ViT-B/16 + DINO (ConvNeXt-B),"['clip', 'dino']",geometric,0.9968291053547452,0.9765884245027584,0.9333899299478288,0.8459606368887643,0.8531610685863079,0.8768633067071471,0.7730492945747938,0.7732935111423442,-0.0565266232406815,0.8331614590365608,0.7916741431903822,0.6940558493060145,0.727048909451421,0.7065637065637066,0.1287878787878787
123,2,CLIP ViT-B/16 + DINO (ConvNeXt-B),"['clip', 'dino']",mean,0.9958650582082555,0.9725982777223592,0.927963977879864,0.8278344792714362,0.8306454664886169,0.8680038503290377,0.7522795099671883,0.742895280252815,-0.0599601275508263,0.8228188992280318,0.7508523237035708,0.673567709480796,0.7118142762723066,0.6795366795366795,0.4752525252525252
123,2,CLIP ViT-B/16 + DINO (ConvNeXt-B),"['clip', 'dino']",stacking,0.9967158549508311,0.9805649993553336,0.9306274797362898,0.8434983813967804,0.8495002721944155,0.8698471144747425,0.7624308177656131,0.7583562072686005,-0.0607803652615472,0.8218924735003938,0.7609007715772474,0.6956482705441728,0.7391936549900859,0.722007722007722,0.3861616161616161
123,2,CLIP ViT-B/16 + ViT-B/16,"['clip', 'vit']",geometric,0.976899195000714,0.9217239062722664,0.8845263287849692,0.7820903889594223,0.7853848652159792,0.8297869240355551,0.7292618180019457,0.726940133037694,-0.054739404749414,0.8126619792805152,0.763502601830253,0.6055878313872365,0.6243225380039656,0.6486486486486487,0.207979797979798
123,2,CLIP ViT-B/16 + ViT-B/16,"['clip', 'vit']",mean,0.9787457459966352,0.9315092662337222,0.8873740395303064,0.7961329398121431,0.8003208389184068,0.8320123931952619,0.7327958141656636,0.7260443021925698,-0.0553616463350444,0.8007899123341831,0.7359590884622286,0.5961681354189616,0.621844018506279,0.6061776061776062,0.4554545454545454
123,2,CLIP ViT-B/16 + ViT-B/16,"['clip', 'vit']",stacking,0.9801144850788872,0.9337418483608504,0.8917411205474643,0.8013817210506357,0.8052573719606829,0.8357839846727028,0.7358846257426613,0.7291745332198671,-0.0559571358747615,0.8044415780829828,0.7431365512291405,0.5941429463171036,0.6182914738929279,0.6177606177606177,0.5445454545454546
123,2,CLIP ViT-B/16 + ResNet-18,"['clip', 'resnet']",geometric,0.9868854047535428,0.9406635315513392,0.8996812319194543,0.7827114489384271,0.7826899504751854,0.8350716709973531,0.7207263653701352,0.7112028053902596,-0.0646095609221011,0.7850754956587543,0.7359590884622286,0.6073478372622457,0.628370786516854,0.6718146718146718,0.2871717171717172
123,2,CLIP ViT-B/16 + ResNet-18,"['clip', 'resnet']",mean,0.98825258147301,0.9520571649599968,0.9008712758816826,0.8036626050443261,0.8081667284219118,0.8336441805603189,0.7295915843624792,0.7266454057537809,-0.0672270953213637,0.7765003138906617,0.7226807823434416,0.5960884188881546,0.6271480502313285,0.6486486486486487,0.495050505050505
123,2,CLIP ViT-B/16 + ResNet-18,"['clip', 'resnet']",stacking,0.9882660022824472,0.9507814037444948,0.9019243380170138,0.8103568621631574,0.8163034971810665,0.8355657165601288,0.7382974162805652,0.7377569228735709,-0.0663586214568849,0.7793890972761008,0.7358693701776422,0.5959799882499816,0.6274454725710509,0.6544401544401545,0.5247474747474747
123,2,CLIP ViT-B/16 + MobileNetV3,"['clip', 'mobilenet']",geometric,0.980766097438182,0.9293377577818042,0.8969405192927887,0.8000681517145103,0.8077924959975483,0.8341834924275989,0.7413092823734384,0.7467419962335217,-0.0627570268651898,0.8046723384045606,0.7669118966445362,0.6213669310420797,0.6490416391275611,0.6737451737451737,0.2673737373737374
123,2,CLIP ViT-B/16 + MobileNetV3,"['clip', 'mobilenet']",mean,0.9818852284072837,0.9381595108677212,0.8973017630840818,0.813555595860333,0.8207834746546213,0.8280862556308933,0.7406717340764069,0.7418874860506335,-0.0692155074531885,0.7939768692310123,0.7509420419881572,0.6206691268267607,0.6581460674157303,0.6544401544401545,0.495050505050505
123,2,CLIP ViT-B/16 + MobileNetV3,"['clip', 'mobilenet']",stacking,0.9826699126058202,0.9377794968886356,0.900124013929744,0.8115879899091494,0.8178586798858728,0.8327563014083755,0.743177958416462,0.7421590482706867,-0.0673677125213684,0.7978333424941048,0.7565942939171003,0.614155283836381,0.6480502313284865,0.6544401544401545,0.5247474747474747
123,2,CLIP ViT-B/16 + Xception,"['clip', 'xception']",geometric,0.9668101465377,0.913865760061888,0.8868205851267689,0.8072240817380886,0.8209755873480908,0.8268459605423343,0.7518068448504235,0.7659358316487845,-0.0599746245844345,0.8079289519852889,0.7732818948501705,0.6054353748990233,0.6286516853932584,0.6583011583011583,0.2574747474747474
123,2,CLIP ViT-B/16 + Xception,"['clip', 'xception']",mean,0.9672683528019438,0.9247640181049516,0.8782285584377039,0.8054158628611628,0.8130768093598868,0.8113628228710585,0.7345655603005271,0.7392658737657037,-0.0668657355666453,0.7937195540621057,0.7531849991028171,0.5992741058970406,0.6307171183079974,0.6351351351351351,0.4851515151515151
123,2,CLIP ViT-B/16 + Xception,"['clip', 'xception']",stacking,0.9745665502646385,0.9294938349517856,0.8895823334446685,0.8038824492846818,0.8091460968630493,0.8267423264127156,0.7372971249869468,0.7333682906965069,-0.0628400070319529,0.8010607001829844,0.7430468329445541,0.5925949548358669,0.6133674818241903,0.6216216216216216,0.5643434343434344
123,2,DINO (ConvNeXt-B) + ViT-B/16,"['dino', 'vit']",geometric,0.993754686180059,0.9670948609895292,0.9099088933288132,0.8272079231864224,0.8364689910585641,0.8476557067986882,0.7614909836380924,0.7682407100819243,-0.0622531865301249,0.8150722547307575,0.7751659788264849,0.6926390174047148,0.7307336417713152,0.6833976833976834,0.0891919191919191
123,2,DINO (ConvNeXt-B) + ViT-B/16,"['dino', 'vit']",mean,0.992200477533453,0.961605016184524,0.8981292344919997,0.7870094038373812,0.7856190565755918,0.8325789705460914,0.7191874556876453,0.7017947296232527,-0.0655502639459082,0.7966173355054937,0.72321909205096,0.6779769038701624,0.7154659616655652,0.6872586872586872,0.4257575757575757
123,2,DINO (ConvNeXt-B) + ViT-B/16,"['dino', 'vit']",stacking,0.9949590423231256,0.9759234000393586,0.912856141385147,0.8265264060413198,0.8316720797401724,0.8453724146814197,0.747069201470758,0.7405745467664833,-0.0674837267037273,0.8049700716131514,0.749775704288534,0.7046269001982816,0.7486120290812954,0.7258687258687259,0.2772727272727273
123,2,DINO (ConvNeXt-B) + ResNet-18,"['dino', 'resnet']",geometric,0.9951195735175148,0.9714175200016286,0.9132382838480576,0.8259383226983682,0.8350641099086525,0.840893662491247,0.7491192490120749,0.7553161266114551,-0.0723446213568106,0.7829011710915471,0.7467252826125964,0.6914196592494676,0.7297752808988764,0.693050193050193,0.1188888888888888
123,2,DINO (ConvNeXt-B) + ResNet-18,"['dino', 'resnet']",mean,0.9933042974814724,0.9634643702964788,0.9033802116447116,0.7930606165531721,0.7947918596919589,0.8260369596134178,0.7129823520036055,0.7035434903550303,-0.0773432520312936,0.7561885892714577,0.7006100843351876,0.6701433869427922,0.7081956378056841,0.6853281853281853,0.4554545454545454
123,2,DINO (ConvNeXt-B) + ResNet-18,"['dino', 'resnet']",stacking,0.9952942709461184,0.9759166140754464,0.9162035421110972,0.8288787394131258,0.8347671030775191,0.842133516017264,0.7440738236959115,0.7400360650063365,-0.074070026093833,0.7760481818179156,0.7402655661223757,0.69784442241316,0.7403007270323859,0.7335907335907336,0.297070707070707
123,2,DINO (ConvNeXt-B) + MobileNetV3,"['dino', 'mobilenet']",geometric,0.9946594750285194,0.9709221446360348,0.9153617437245624,0.837936322115781,0.8490578593622826,0.8478678746052635,0.7624747866136842,0.7716274129539894,-0.0674938691192988,0.8030243595489881,0.7690651354746098,0.7190072336050526,0.7636814276272306,0.694980694980695,0.1287878787878787
123,2,DINO (ConvNeXt-B) + MobileNetV3,"['dino', 'mobilenet']",mean,0.9912649653164416,0.9615100126897526,0.897710682909735,0.80617432549039,0.8108574861090254,0.819042132561511,0.72596415439661,0.720431072185527,-0.0786685503482239,0.7795115392038878,0.7266283868652431,0.7070966439010061,0.7577990746860542,0.7567567567567568,0.4554545454545454
123,2,DINO (ConvNeXt-B) + MobileNetV3,"['dino', 'mobilenet']",stacking,0.9944341326199968,0.97529230539552,0.9119083359411624,0.83645237349338,0.8443060824068018,0.8371327512576168,0.7523729437693394,0.7521468140234678,-0.0747755846835455,0.7912363178671198,0.7528261259644715,0.7181414775648087,0.7639623265036352,0.7413127413127413,0.2376767676767676
123,2,DINO (ConvNeXt-B) + Xception,"['dino', 'xception']",geometric,0.9936599092925182,0.972374340913255,0.9163521849310508,0.8422397731207439,0.8533490011750882,0.8466594805115925,0.7640027040841564,0.7730964547477,-0.0696927044194583,0.8062535721720561,0.7709492194509241,0.7156358595872806,0.7599471249173826,0.696911196911197,0.1485858585858586
123,2,DINO (ConvNeXt-B) + Xception,"['dino', 'xception']",mean,0.9869852302259436,0.9620596757666444,0.8809137010575699,0.8010244741600576,0.8042012125538808,0.8014174361363761,0.7184564735884625,0.71253324953142,-0.0794962649211938,0.778940967956077,0.7251031760272744,0.6986795549680547,0.7465961665565102,0.722007722007722,0.4554545454545454
123,2,DINO (ConvNeXt-B) + Xception,"['dino', 'xception']",stacking,0.993024285796203,0.975658747446781,0.906038946465786,0.8403326243356581,0.8493916253220731,0.8307307688160578,0.7555002280883993,0.75951693641681,-0.0753081776497283,0.7969453497011424,0.758568096178001,0.7158462583535287,0.7592861863846662,0.7316602316602316,0.1485858585858586
123,2,ViT-B/16 + ResNet-18,"['vit', 'resnet']",geometric,0.9756833702827244,0.9191452399856136,0.857613384915462,0.7583087382589435,0.7666997363269333,0.7901133502221445,0.7019076983956867,0.715298811054828,-0.0675000346933175,0.7516599789780634,0.7107482504934506,0.597055702430785,0.620522141440846,0.666023166023166,0.1683838383838383
123,2,ViT-B/16 + ResNet-18,"['vit', 'resnet']",mean,0.9778092858937965,0.9289848876583674,0.8570042013178459,0.7530929336565043,0.7560440515237744,0.7898923549931305,0.6878431631189302,0.6857863639381265,-0.0671118463247154,0.737944530503628,0.6831150188408398,0.5951831901299846,0.6221414408460013,0.6814671814671814,0.4257575757575757
123,2,ViT-B/16 + ResNet-18,"['vit', 'resnet']",stacking,0.978412004005258,0.9295820524826448,0.8570509038892674,0.752851104992113,0.7565639176708784,0.7878890831178149,0.6869692822635163,0.687288959167202,-0.0691618207714525,0.7326778353881285,0.6745020635205455,0.5934599030623486,0.6216953073364176,0.6833976833976834,0.5148484848484849
123,2,ViT-B/16 + MobileNetV3,"['vit', 'mobilenet']",geometric,0.9654851956010776,0.9007281339277836,0.8496559061372229,0.7532248402007178,0.7626272772449961,0.7857746370820562,0.698967281680929,0.7126910689369381,-0.0638812690551666,0.7713658560571721,0.728871343979903,0.6185297422339722,0.6518341044282883,0.6737451737451737,0.207979797979798
123,2,ViT-B/16 + MobileNetV3,"['vit', 'mobilenet']",mean,0.966007325490976,0.9047861403473056,0.8511312632258123,0.7591221619482597,0.7671167365417417,0.7842847197295353,0.6955871764854601,0.7008032670876572,-0.066846543496277,0.760586280262397,0.7114659967701418,0.6245710876110744,0.6605584930601454,0.6872586872586872,0.4158585858585858
123,2,ViT-B/16 + MobileNetV3,"['vit', 'mobilenet']",stacking,0.9659993338394914,0.904853999986428,0.8511423111193751,0.7596552842311223,0.7681729505068069,0.7840898680780687,0.6959664078000737,0.7022712594187298,-0.0670524430413064,0.7604956162861009,0.7116454333393145,0.6249676507307043,0.6608063450099141,0.6814671814671814,0.5544444444444444
123,2,ViT-B/16 + Xception,"['vit', 'xception']",geometric,0.9452058812829268,0.8775201373479096,0.8278299100199524,0.7411938641472516,0.7541930061753206,0.7699913178344094,0.693284308067734,0.712156223565578,-0.0578385921855429,0.7686678868228501,0.7268975417190023,0.6008278989498421,0.6288995373430271,0.6737451737451737,0.2277777777777777
123,2,ViT-B/16 + Xception,"['vit', 'xception']",mean,0.9391256001564328,0.8725935275476205,0.8183353341264235,0.7367859871281197,0.744571797347101,0.7594827040915623,0.6798518249820003,0.6883093255709424,-0.0588526300348611,0.7547231261772119,0.709940785932173,0.6015440625688477,0.6319729015201587,0.6621621621621622,0.4158585858585858
123,2,ViT-B/16 + Xception,"['vit', 'xception']",stacking,0.9466022941641566,0.8814695683448356,0.8248734084774764,0.7409135627407981,0.7496308728396767,0.7695950001703575,0.6877827059528324,0.6988969750295501,-0.0552784083071188,0.7572583168008256,0.7183743046832944,0.5970770727766762,0.623132848645076,0.6640926640926641,0.396060606060606
123,2,ResNet-18 + MobileNetV3,"['resnet', 'mobilenet']",geometric,0.9762625075293988,0.9205092187319748,0.8561659398775283,0.765503141024584,0.7775727244291524,0.7748086321602844,0.6981043930375329,0.7152418129882787,-0.0813573077172439,0.7234356257944285,0.6784496680423471,0.6075544907101417,0.6424487772637145,0.6698841698841699,0.2673737373737374
123,2,ResNet-18 + MobileNetV3,"['resnet', 'mobilenet']",mean,0.976588966291244,0.925747982872227,0.8536521124709526,0.7593035334465531,0.7634061220300159,0.7719463966563241,0.6869802744755341,0.6877559635743618,-0.0817057158146284,0.7266448571965898,0.6813206531491118,0.6105688477638247,0.6471579643093192,0.7027027027027027,0.495050505050505
123,2,ResNet-18 + MobileNetV3,"['resnet', 'mobilenet']",stacking,0.9773228678516848,0.9267387336034149,0.8537826414086997,0.765508637130593,0.776108437718106,0.7722156650263655,0.6948342099622418,0.7059608540925267,-0.0815669763823342,0.7219901764637944,0.6746815000897183,0.6043497466402291,0.6388797091870456,0.6872586872586872,0.4653535353535353
123,2,ResNet-18 + Xception,"['resnet', 'xception']",geometric,0.9616136392435908,0.9043654105847464,0.8381629919390637,0.7595673465349799,0.7789065105982957,0.7535979179706814,0.6982747723238086,0.7257896945115981,-0.0845650739683823,0.7091369306885618,0.665619953346492,0.5942754277741059,0.6236285525446134,0.6621621621621622,0.2574747474747474
123,2,ResNet-18 + Xception,"['resnet', 'xception']",mean,0.9611671801299392,0.9132143075263126,0.8265565523880538,0.7497073323550265,0.7582520251834078,0.7445264986053163,0.6802145679785871,0.6876831742691817,-0.0820300537827375,0.7166971217571967,0.6708236138525031,0.5933177278401998,0.6246364838070059,0.6718146718146718,0.4653535353535353
123,2,ResNet-18 + Xception,"['resnet', 'xception']",stacking,0.9690968129635532,0.9178966226257608,0.8360795571042863,0.7458930347848549,0.7513284998171296,0.7542971161085426,0.676174930062051,0.6802589664135974,-0.0817824409957437,0.7050036817189369,0.6588910820025121,0.5839649335389586,0.6112855254461336,0.6621621621621622,0.495050505050505
123,2,MobileNetV3 + Xception,"['mobilenet', 'xception']",geometric,0.9370795787243068,0.8639142797038606,0.8249882864899613,0.7492071867082172,0.7756135700903328,0.7427398439383489,0.684831297026057,0.7246783176493182,-0.0822484425516123,0.7398491248599484,0.6965727615287995,0.6246481236689432,0.667514871116986,0.6621621621621622,0.297070707070707
123,2,MobileNetV3 + Xception,"['mobilenet', 'xception']",mean,0.9369094625521448,0.8686915982980803,0.8235727572047745,0.7505592287864048,0.7684356073941416,0.7416070894278283,0.6813907346644902,0.7048310556223141,-0.0819656677769462,0.7391676155305895,0.7050959985645074,0.6260041859440406,0.6673496364838072,0.6795366795366795,0.4455555555555555
123,2,MobileNetV3 + Xception,"['mobilenet', 'xception']",stacking,0.946594179042107,0.8764343831219505,0.8316681555205477,0.753983302829945,0.7752686012651873,0.7497686235127472,0.6849412191462348,0.7149591264395251,-0.0818995320078005,0.7359669428598588,0.6984568455051139,0.6281090181390908,0.6760740251156642,0.6718146718146718,0.4158585858585858
123,3,CLIP ViT-B/16 + DINO (ConvNeXt-B) + ViT-B/16,"['clip', 'dino', 'vit']",geometric,0.9946546734806512,0.9675970223190352,0.9218386689807466,0.830714438820096,0.8370188110167474,0.8654233670468567,0.7643984237167967,0.7642740485342395,-0.0564153019338898,0.8329690991069533,0.7888928763682038,0.6832511199236249,0.7146397884996696,0.6833976833976834,0.1386868686868687
123,3,CLIP ViT-B/16 + DINO (ConvNeXt-B) + ViT-B/16,"['clip', 'dino', 'vit']",mean,0.99383652406178,0.9642311842185624,0.9156561152122392,0.8292359863037039,0.8364977792746332,0.8566454953842613,0.7589957515100552,0.7589573324244989,-0.0590106198279778,0.8161404852956926,0.767539924636641,0.6601200337813029,0.6942167878387311,0.6718146718146718,0.3465656565656566
123,3,CLIP ViT-B/16 + DINO (ConvNeXt-B) + ViT-B/16,"['clip', 'dino', 'vit']",stacking,0.9966165637186928,0.979160304825499,0.9284703548376704,0.8391069926956751,0.8447793166344991,0.8679407517766093,0.7589572787679929,0.7540972576548491,-0.0605296030610611,0.8213944073994562,0.758568096178001,0.6954443342880223,0.7373760740251156,0.722007722007722,0.396060606060606
123,3,CLIP ViT-B/16 + DINO (ConvNeXt-B) + ResNet-18,"['clip', 'dino', 'resnet']",geometric,0.996193775196884,0.9735618845978976,0.9276633878998222,0.8285709574766278,0.8340736563801661,0.8658747795640568,0.7547032927171099,0.7523073251677423,-0.0617886083357653,0.8141843758372629,0.7713080925892697,0.6850836087243887,0.7158955717118308,0.693050193050193,0.1683838383838383
123,3,CLIP ViT-B/16 + DINO (ConvNeXt-B) + ResNet-18,"['clip', 'dino', 'resnet']",mean,0.9954933675195872,0.9703656955952308,0.9216786480987348,0.8257789356241103,0.8313891947383258,0.8551164610614349,0.7480804849763942,0.7452281696403757,-0.0665621870372997,0.7963861358573977,0.7446617620671093,0.6604723140192407,0.6985789821546595,0.6795366795366795,0.396060606060606
123,3,CLIP ViT-B/16 + DINO (ConvNeXt-B) + ResNet-18,"['clip', 'dino', 'resnet']",stacking,0.996810911756112,0.9783867049395032,0.9297968339685412,0.8350618586731301,0.8400268665309125,0.8665602667867156,0.7536920092114737,0.7474571018004564,-0.0632365671818254,0.8106601635928292,0.7496859860039476,0.6913393919365498,0.7324851288830139,0.7162162162162162,0.4455555555555555
123,3,CLIP ViT-B/16 + DINO (ConvNeXt-B) + MobileNetV3,"['clip', 'dino', 'mobilenet']",geometric,0.9957871076362216,0.9730529373044794,0.9284488463392228,0.8435973113049404,0.8520076760259404,0.8698085119300474,0.7719061045249441,0.7760008204109611,-0.0586403344091754,0.8264666435808716,0.7870087923918895,0.7012606668135419,0.7358393919365498,0.6911196911196911,0.1584848484848484
123,3,CLIP ViT-B/16 + DINO (ConvNeXt-B) + MobileNetV3,"['clip', 'dino', 'mobilenet']",mean,0.9944422822524528,0.967284867979072,0.9196559009133112,0.8315223664034032,0.8384114198962594,0.8518784700982115,0.7555002280883993,0.755646614228589,-0.0677774308150997,0.8092392189191052,0.7651175309528082,0.6837682676066681,0.726487111698612,0.7007722007722008,0.4059595959595959
123,3,CLIP ViT-B/16 + DINO (ConvNeXt-B) + MobileNetV3,"['clip', 'dino', 'mobilenet']",stacking,0.9966228206470856,0.9788074347020622,0.9293327711877656,0.8428223603576865,0.8495000526260393,0.8663609049113387,0.7638982780699874,0.7620398169792717,-0.0629718662764268,0.8169538902086583,0.7591961241701058,0.6995678563560256,0.7439028420356906,0.7335907335907336,0.3762626262626262
123,3,CLIP ViT-B/16 + DINO (ConvNeXt-B) + Xception,"['clip', 'dino', 'xception']",geometric,0.9952785239435696,0.9730936530879528,0.9292644778073292,0.8473291672849786,0.8560889432292692,0.8706301549717554,0.7751268226461552,0.7799168401405003,-0.0586343228355736,0.8303443021449581,0.7924816077516598,0.698409965484321,0.7324851288830139,0.693050193050193,0.1683838383838383
123,3,CLIP ViT-B/16 + DINO (ConvNeXt-B) + Xception,"['clip', 'dino', 'xception']",mean,0.9928718086596166,0.9641904684350888,0.9118698728860184,0.8352652145954591,0.8441252489742003,0.8437038021365401,0.7629199712004046,0.7677563854072447,-0.0681660707494783,0.8117817479227096,0.7705006280279921,0.6756477931996768,0.716969596827495,0.6872586872586872,0.396060606060606
123,3,CLIP ViT-B/16 + DINO (ConvNeXt-B) + Xception,"['clip', 'dino', 'xception']",stacking,0.9966014955166644,0.9799746204949682,0.9296209488206736,0.8423167186048685,0.8483406810661085,0.868017929140985,0.7625187554617553,0.7588204758954437,-0.0616030196796886,0.8207892432561671,0.7589269693163466,0.6965475141367409,0.7396728354263054,0.7200772200772201,0.396060606060606
123,3,CLIP ViT-B/16 + ViT-B/16 + ResNet-18,"['clip', 'vit', 'resnet']",geometric,0.9848448936746862,0.9386956020167884,0.8937310618774922,0.7864378088124564,0.7901583924222214,0.8322150255726708,0.7295201349843636,0.7296508913121104,-0.0615160363048213,0.8005448169510265,0.7528261259644715,0.615648784607476,0.634137475214805,0.6544401544401545,0.198080808080808
123,3,CLIP ViT-B/16 + ViT-B/16 + ResNet-18,"['clip', 'vit', 'resnet']",mean,0.986918860771102,0.9452712010477528,0.8955037145474753,0.7994525878415143,0.8071028689542881,0.832677803061276,0.7334828274167752,0.7370738266678234,-0.0628259114861993,0.7851332101461777,0.7339852862013279,0.6049132334581773,0.6324355584930601,0.6505791505791506,0.3762626262626262
123,3,CLIP ViT-B/16 + ViT-B/16 + ResNet-18,"['clip', 'vit', 'resnet']",stacking,0.9882724378021928,0.9503267441623744,0.9008646138508278,0.807202097314053,0.8131919629781501,0.8364210408637709,0.7378852083298982,0.7373742379937552,-0.0644435729870569,0.7854137608064968,0.736945989592679,0.6014894249834766,0.6311302048909452,0.6583011583011583,0.4851515151515151
123,3,CLIP ViT-B/16 + ViT-B/16 + MobileNetV3,"['clip', 'vit', 'mobilenet']",geometric,0.9804080108475532,0.9283945087980022,0.890520737021196,0.7864323127064475,0.7906741221974423,0.8316170194166824,0.7315207175716005,0.7325994493132838,-0.0589037176045136,0.8127915480607103,0.7697828817513009,0.6264442608504075,0.6515862524785195,0.6640926640926641,0.2277777777777777
123,3,CLIP ViT-B/16 + ViT-B/16 + MobileNetV3,"['clip', 'vit', 'mobilenet']",mean,0.982113439205746,0.9346308096333544,0.8931874249078933,0.8037010777863883,0.8128229584831301,0.8297368259834156,0.738973437319659,0.7447806671073207,-0.0634505989244776,0.79779935163867,0.7534541539565763,0.6229977601527503,0.654461335095836,0.6756756756756757,0.3861616161616161
123,3,CLIP ViT-B/16 + ViT-B/16 + MobileNetV3,"['clip', 'vit', 'mobilenet']",stacking,0.9836864917804202,0.9396320650366782,0.8998893126019001,0.8085046744381605,0.8134277207788035,0.83626871703867,0.7407266951364958,0.736948933275341,-0.06362059556323,0.8033635684351772,0.7501345774268796,0.6173906513916427,0.6480502313284865,0.6525096525096525,0.5841414141414141
123,3,CLIP ViT-B/16 + ViT-B/16 + Xception,"['clip', 'vit', 'xception']",geometric,0.9737876284411991,0.9187245102230548,0.8838679951578268,0.7867400946429455,0.7936129697988362,0.8272664893071737,0.7351481475374697,0.7408092684527299,-0.056601505850653,0.8162752446373446,0.7747173874035529,0.6159712491738268,0.6372769332452082,0.6621621621621622,0.2277777777777777
123,3,CLIP ViT-B/16 + ViT-B/16 + Xception,"['clip', 'vit', 'xception']",mean,0.9740097171894404,0.9243975760536906,0.8799375704046342,0.802184152527934,0.8145583446683978,0.8188806686820105,0.7400891468394643,0.7520812800134209,-0.0610569017226236,0.798234284891792,0.7526466893952988,0.6079112873613866,0.6350462656972902,0.666023166023166,0.3762626262626262
123,3,CLIP ViT-B/16 + ViT-B/16 + Xception,"['clip', 'vit', 'xception']",stacking,0.9795545187463808,0.9338843536030076,0.8927097502562893,0.8010134819480398,0.8044716874139282,0.8351686115427037,0.7354174567319054,0.728409270417259,-0.0575411387135855,0.8056108374757756,0.7453795083438005,0.5986579643093192,0.6226867151354925,0.6177606177606177,0.5841414141414141
123,3,CLIP ViT-B/16 + ResNet-18 + MobileNetV3,"['clip', 'resnet', 'mobilenet']",geometric,0.9865684854349068,0.9421835874676818,0.8981219529398217,0.7970397973036104,0.8036872434984158,0.8310228233199197,0.734417165438287,0.7398910515890105,-0.0670991296199019,0.7884749066292842,0.747981338596806,0.6295089593889991,0.6581295439524124,0.667953667953668,0.2376767676767676
123,3,CLIP ViT-B/16 + ResNet-18 + MobileNetV3,"['clip', 'resnet', 'mobilenet']",mean,0.9878269288750624,0.9465876780467282,0.8965661854660807,0.8047068651860158,0.8150334452512948,0.82425579690758,0.7295036466663369,0.7398181433706915,-0.0723103885585007,0.7794207775994763,0.7299479633949398,0.6219094881398253,0.6608228684732321,0.6872586872586872,0.4158585858585858
123,3,CLIP ViT-B/16 + ResNet-18 + MobileNetV3,"['clip', 'resnet', 'mobilenet']",stacking,0.9887837715907808,0.9510189124814236,0.901885332440755,0.8098512204103393,0.8176696583381203,0.8327239173560456,0.7333838975086151,0.7381122052345167,-0.0691614150847094,0.7843893489939243,0.736048806746815,0.6116303517661746,0.6470423000660939,0.6698841698841699,0.4851515151515151
123,3,CLIP ViT-B/16 + ResNet-18 + Xception,"['clip', 'resnet', 'xception']",geometric,0.9823226387965318,0.936958395255254,0.8945057447336097,0.792450548786185,0.7983230526849849,0.8273728169003747,0.731905444992223,0.7355965460980991,-0.0671329278332349,0.7895577814114962,0.7485196483043244,0.6205812954395242,0.6454890945142102,0.6640926640926641,0.2673737373737374
123,3,CLIP ViT-B/16 + ResNet-18 + Xception,"['clip', 'resnet', 'xception']",mean,0.9833696174211748,0.9406363876956902,0.8864732549088044,0.8020192693476672,0.8147950107456118,0.8132854193989983,0.7286242697049141,0.7437143153742344,-0.073187835509806,0.7792905579651802,0.7285124708415575,0.6095774032459426,0.6444976867151355,0.6544401544401545,0.4158585858585858
123,3,CLIP ViT-B/16 + ResNet-18 + Xception,"['clip', 'resnet', 'xception']",stacking,0.9879304505078438,0.9503267441623744,0.9011381795981732,0.811043875414269,0.8178755323882779,0.8343389477591674,0.7357197425623946,0.7379521191082143,-0.0667992318390058,0.78057274054453,0.7318320473712543,0.5979001615627524,0.629461335095836,0.6602316602316602,0.5247474747474747
123,3,CLIP ViT-B/16 + MobileNetV3 + Xception,"['clip', 'mobilenet', 'xception']",geometric,0.9753102775129362,0.9218460536226868,0.8914318594300893,0.8012113417643599,0.812221270409885,0.8265029890177981,0.742562394543466,0.755784731853304,-0.0649288704122912,0.8065854589496069,0.7748968239727256,0.6309252772269958,0.6620290812954395,0.6718146718146718,0.2673737373737374
123,3,CLIP ViT-B/16 + MobileNetV3 + Xception,"['clip', 'mobilenet', 'xception']",mean,0.9758297230683952,0.9251168882283884,0.8850542821026733,0.8078341495050757,0.8248173719599571,0.8112196396560923,0.7350217370992652,0.7572529077085746,-0.073834642446581,0.7917364178871239,0.7495065494347748,0.6300620180656532,0.6687376074025115,0.6756756756756757,0.4059595959595959
123,3,CLIP ViT-B/16 + MobileNetV3 + Xception,"['clip', 'mobilenet', 'xception']",stacking,0.9824829642705546,0.9376573495382152,0.9001276557246811,0.8151824432389652,0.8229048719987782,0.8325995689354208,0.7471516430608913,0.749210917951821,-0.0675280867892603,0.7983916939561655,0.7635923201148394,0.6151369244326945,0.6487937871777925,0.6563706563706564,0.4851515151515151
123,3,DINO (ConvNeXt-B) + ViT-B/16 + ResNet-18,"['dino', 'vit', 'resnet']",geometric,0.9936483630691808,0.9655815910370988,0.9070413900720284,0.808279334091796,0.8144353478772016,0.8400088625449077,0.7417929397022209,0.7445072873613227,-0.0670325275271206,0.7985980147062437,0.7534541539565763,0.6790994712491738,0.7134666226040979,0.6833976833976834,0.1386868686868687
123,3,DINO (ConvNeXt-B) + ViT-B/16 + ResNet-18,"['dino', 'vit', 'resnet']",mean,0.99238938912739,0.9614828688341036,0.8971549432610412,0.7964901867027211,0.8014563158854251,0.8269292078942628,0.7236063249187951,0.7222476899539924,-0.0702257353667783,0.7726044639544469,0.720078952090436,0.6605456047587575,0.6946959682749505,0.7065637065637066,0.3564646464646465
123,3,DINO (ConvNeXt-B) + ViT-B/16 + ResNet-18,"['dino', 'vit', 'resnet']",stacking,0.995335787252526,0.9747290703908036,0.9139846018527752,0.8190626940812434,0.8220842318022882,0.8436198086173963,0.7369398780963687,0.7258375864221929,-0.0703647932353789,0.7870924762469982,0.7380226090077158,0.6972731512080488,0.739358889623265,0.7297297297297297,0.4554545454545454
123,3,DINO (ConvNeXt-B) + ViT-B/16 + MobileNetV3,"['dino', 'vit', 'mobilenet']",geometric,0.9927673419210123,0.9625143353487646,0.907100845532804,0.8183591925121052,0.8271866388483641,0.8437442746069038,0.75311491808054,0.7599811917585706,-0.0633565709259001,0.8114285944874025,0.7708595011663377,0.697427370199016,0.7368142762723067,0.6911196911196911,0.1386868686868687
123,3,DINO (ConvNeXt-B) + ViT-B/16 + MobileNetV3,"['dino', 'vit', 'mobilenet']",mean,0.9904239848672236,0.956488399394692,0.8947246959683206,0.8075373597805955,0.8165790190450251,0.8246352510937707,0.7344996070284203,0.7390686695510795,-0.0700894448745499,0.7880992173707231,0.7403552844069622,0.6864069545421165,0.7272637144745537,0.7027027027027027,0.3465656565656566
123,3,DINO (ConvNeXt-B) + ViT-B/16 + MobileNetV3,"['dino', 'vit', 'mobilenet']",stacking,0.9948783503786194,0.9748580037051364,0.9125242861713596,0.8254491692635768,0.830527377413967,0.8429550900243027,0.7446454187208363,0.737865392318933,-0.0695691961470568,0.7983682957512278,0.7478019020276332,0.7111487478886686,0.7563119629874422,0.7335907335907336,0.3663636363636363
123,3,DINO (ConvNeXt-B) + ViT-B/16 + Xception,"['dino', 'vit', 'xception']",geometric,0.991887431145168,0.9616728758236464,0.9058729177768224,0.8194803981379193,0.8285259338536636,0.841966127444108,0.7548791681093945,0.7625932215118786,-0.0639067903327144,0.8144561725099209,0.775883725103176,0.69295582727473,0.7306675479180438,0.6891891891891891,0.1485858585858586
123,3,DINO (ConvNeXt-B) + ViT-B/16 + Xception,"['dino', 'vit', 'xception']",mean,0.9873051368995592,0.953373641958972,0.8823331959461078,0.804025348040913,0.8145250641102332,0.8131066556659571,0.7309271381226401,0.7393699990949792,-0.0692265402801507,0.7888649146780714,0.7425982415216221,0.6768414114709554,0.716407799074686,0.6988416988416989,0.3465656565656566
123,3,DINO (ConvNeXt-B) + ViT-B/16 + Xception,"['dino', 'vit', 'xception']",stacking,0.9943507586417448,0.9753601650346424,0.909677915982977,0.8249984885708476,0.8298046342571559,0.8413617584280826,0.7448267902191298,0.7377452918648395,-0.0683161575548944,0.8023084363090286,0.74887852144267,0.7064929499889843,0.7505452742894909,0.7258687258687259,0.3267676767676767
123,3,DINO (ConvNeXt-B) + ResNet-18 + MobileNetV3,"['dino', 'resnet', 'mobilenet']",geometric,0.9940391112669876,0.9673866574377558,0.9074610545450346,0.8170071504339176,0.8258237992854042,0.8355218172408787,0.7432219272645331,0.7499705658842544,-0.0719392373041558,0.7855253822848512,0.7445720437825228,0.6957109862671661,0.7350132187706544,0.694980694980695,0.1683838383838383
123,3,DINO (ConvNeXt-B) + ResNet-18 + MobileNetV3,"['dino', 'resnet', 'mobilenet']",mean,0.9918382539120026,0.959772805928218,0.8945755846635389,0.7998098347320923,0.8070783148483597,0.8150758468909284,0.7209901784585621,0.724664406779661,-0.0794997377726105,0.7643138518707483,0.7114659967701418,0.6785237203495631,0.718853271645737,0.7239382239382239,0.396060606060606
123,3,DINO (ConvNeXt-B) + ResNet-18 + MobileNetV3,"['dino', 'resnet', 'mobilenet']",stacking,0.995155634016268,0.9748037159938384,0.9126922036809906,0.8259767954404305,0.8313222845514162,0.8380779522791584,0.7404958586841223,0.7356238171495123,-0.0746142514018322,0.7807221766461638,0.738291763861475,0.7053793419989719,0.7485789821546596,0.7432432432432432,0.4059595959595959
123,3,DINO (ConvNeXt-B) + ResNet-18 + Xception,"['dino', 'resnet', 'xception']",geometric,0.9933764395686716,0.9683570502772066,0.9070903533745058,0.8194529176078749,0.8286653105930214,0.8326998848932715,0.7437220729113423,0.7515862487813454,-0.0743904684812343,0.7841420407068236,0.7459178180513188,0.6934552764926195,0.7323033707865169,0.6911196911196911,0.1782828282828283
123,3,DINO (ConvNeXt-B) + ResNet-18 + Xception,"['dino', 'resnet', 'xception']",mean,0.9896110576397288,0.9572959291002492,0.8839466532479406,0.8005133363012306,0.8108026396722303,0.8026835356187261,0.7219025320560383,0.7309751545860073,-0.0812631176292145,0.7628080032795236,0.7053651534182667,0.6712326503635162,0.7108393919365499,0.6911196911196911,0.3861616161616161
123,3,DINO (ConvNeXt-B) + ResNet-18 + Xception,"['dino', 'resnet', 'xception']",stacking,0.9947330235106387,0.9753737369624668,0.9108828668644452,0.827026551688129,0.8325066524747206,0.8361458137767264,0.7404518898360511,0.7368491440798859,-0.0747370530877189,0.7795022970756507,0.7413421855374125,0.700317654402585,0.7421183079973563,0.7374517374517374,0.3465656565656566
123,3,DINO (ConvNeXt-B) + MobileNetV3 + Xception,"['dino', 'mobilenet', 'xception']",geometric,0.9923674546007104,0.96528300862496,0.9082652752244504,0.8336053905807735,0.8465215782296371,0.837850264392102,0.7594024633547132,0.7737136476888563,-0.0704150108323484,0.8016562804996333,0.7652072492373946,0.71680821766909,0.7612359550561797,0.666023166023166,0.1683838383838383
123,3,DINO (ConvNeXt-B) + MobileNetV3 + Xception,"['dino', 'mobilenet', 'xception']",mean,0.9863747396999398,0.9480738041435096,0.883900355622282,0.8073999571303732,0.8224619141466084,0.8021293323927937,0.7297509714367371,0.7473603625359017,-0.0817710232294882,0.7786357336539701,0.7301273999641127,0.7006863112286112,0.7481658955717119,0.693050193050193,0.3762626262626262
123,3,DINO (ConvNeXt-B) + MobileNetV3 + Xception,"['dino', 'mobilenet', 'xception']",stacking,0.9941932617748324,0.9750819405142404,0.9107185052577786,0.8331437176760266,0.8399976810494305,0.8354986969866671,0.7488334514996126,0.7469391145443973,-0.0752198082711115,0.7928629812508785,0.7505831688498116,0.7190579789968422,0.7635822868473232,0.7316602316602316,0.2871717171717172
123,4,CLIP ViT-B/16 + DINO (ConvNeXt-B) + ViT-B/16 + ResNet-18,"['clip', 'dino', 'vit', 'resnet']",geometric,0.994691183093998,0.966477338273515,0.9196801999437672,0.8188428498408877,0.8240362593891638,0.8588656778961444,0.7520926423628859,0.7514738779243391,-0.0608145220476228,0.8197013731687284,0.7730127399964113,0.6769321803627818,0.7068407138136154,0.6795366795366795,0.1584848484848484
123,4,CLIP ViT-B/16 + DINO (ConvNeXt-B) + ViT-B/16 + ResNet-18,"['clip', 'dino', 'vit', 'resnet']",mean,0.9942913821455736,0.9656494506762212,0.9145321072338024,0.8095159579437968,0.8126878094126294,0.8505050254713911,0.7370827768525999,0.7299038456109446,-0.0640270817624112,0.7992047734420806,0.7430468329445541,0.6537090768891827,0.6878222075346994,0.6756756756756757,0.4158585858585858
123,4,CLIP ViT-B/16 + DINO (ConvNeXt-B) + ViT-B/16 + ResNet-18,"['clip', 'dino', 'vit', 'resnet']",stacking,0.9967977140181072,0.9784817084342744,0.9292517228802788,0.8339131725172715,0.8386383660392471,0.8664080742386338,0.7526862218118463,0.7459319067246344,-0.062843648641645,0.8116905307204274,0.7514803516956756,0.6916688330763017,0.7323529411764707,0.7084942084942085,0.4554545454545454
123,4,CLIP ViT-B/16 + DINO (ConvNeXt-B) + ViT-B/16 + MobileNetV3,"['clip', 'dino', 'vit', 'mobilenet']",geometric,0.9940018881509902,0.9642583280742112,0.9195042950364236,0.824360940273816,0.8306169070372668,0.8613846544986883,0.7591221619482597,0.7602553512721066,-0.0581196405377353,0.8285950015771822,0.7848555535618159,0.6894775280898877,0.7222571050892267,0.6853281853281853,0.1683838383838383
123,4,CLIP ViT-B/16 + DINO (ConvNeXt-B) + ViT-B/16 + MobileNetV3,"['clip', 'dino', 'vit', 'mobilenet']",mean,0.9930972890139024,0.961163928530228,0.913334233270438,0.8148142041363694,0.8195093207628027,0.84909416800558,0.742710789405706,0.7382423493494221,-0.0642400652648579,0.809169870414623,0.7564148573479275,0.6714335389586545,0.7092696629213483,0.6891891891891891,0.4158585858585858
123,4,CLIP ViT-B/16 + DINO (ConvNeXt-B) + ViT-B/16 + MobileNetV3,"['clip', 'dino', 'vit', 'mobilenet']",stacking,0.9966303023114548,0.9790449434389908,0.9288106010982176,0.8406404062721562,0.8468182898803391,0.8665988151780968,0.7614250303659857,0.7582804321193897,-0.0622117859201207,0.8178668757991066,0.7605418984389019,0.6991104868913858,0.7421017845340383,0.7316602316602316,0.396060606060606
123,4,CLIP ViT-B/16 + DINO (ConvNeXt-B) + ViT-B/16 + Xception,"['clip', 'dino', 'vit', 'xception']",geometric,0.993421569593934,0.9637629527086174,0.9191700165698892,0.8262406085288573,0.8326566908211281,0.8612719370614152,0.7610128224153188,0.7623814858329463,-0.0578980795084738,0.8321672143115787,0.7887134397990311,0.6856930674891679,0.7176305353602115,0.6756756756756757,0.1782828282828283
123,4,CLIP ViT-B/16 + DINO (ConvNeXt-B) + ViT-B/16 + Xception,"['clip', 'dino', 'vit', 'xception']",mean,0.9915595316697208,0.9581441745892796,0.9067799074295468,0.817496303868709,0.8243756412833071,0.8427069608357514,0.7482343759446433,0.7488321087838579,-0.0640729465937953,0.8111924971621949,0.764848376099049,0.6634291327017698,0.700016523463318,0.6833976833976834,0.396060606060606
123,4,CLIP ViT-B/16 + DINO (ConvNeXt-B) + ViT-B/16 + Xception,"['clip', 'dino', 'vit', 'xception']",stacking,0.9965978864950596,0.979160304825499,0.9287551504510032,0.8396566032965643,0.8455045171949966,0.8679001082015325,0.759820167411389,0.7554314368542998,-0.0608550422494708,0.8210887988562411,0.7590166876009331,0.6959039068811045,0.7381361533377395,0.7239382239382239,0.396060606060606
123,4,CLIP ViT-B/16 + DINO (ConvNeXt-B) + ResNet-18 + MobileNetV3,"['clip', 'dino', 'resnet', 'mobilenet']",geometric,0.9953573765792804,0.9702367622808982,0.9225995412598046,0.8259328265923593,0.8322555017081116,0.8594277851594996,0.7540437599960428,0.7552731309573939,-0.063171756100305,0.8114612022778722,0.7708595011663377,0.6913175809649702,0.7254461335095835,0.6872586872586872,0.1881818181818181
123,4,CLIP ViT-B/16 + DINO (ConvNeXt-B) + ResNet-18 + MobileNetV3,"['clip', 'dino', 'resnet', 'mobilenet']",mean,0.9945422555444275,0.9674613030407904,0.915040831123379,0.8173039401583978,0.8230760632947101,0.8442688954889683,0.7368354520821998,0.7360680858569711,-0.0707719356344106,0.7941344247375585,0.7390095101381662,0.6703060145406476,0.7116159947124918,0.6911196911196911,0.4356565656565656
123,4,CLIP ViT-B/16 + DINO (ConvNeXt-B) + ResNet-18 + MobileNetV3,"['clip', 'dino', 'resnet', 'mobilenet']",stacking,0.9968056828543788,0.9786785013877296,0.929240642630574,0.8417671080039791,0.8485932158821983,0.8655677650991114,0.761611897970288,0.7599800785789387,-0.0636728775314625,0.8106686897815548,0.7552485196483043,0.6945840126312697,0.7363185723727694,0.7104247104247104,0.3663636363636363
123,4,CLIP ViT-B/16 + DINO (ConvNeXt-B) + ResNet-18 + Xception,"['clip', 'dino', 'resnet', 'xception']",geometric,0.9950347846126032,0.9703114078839328,0.92348734415252,0.8302637581273667,0.8376689251341677,0.8596884779786733,0.7583417148949969,0.7616171583164811,-0.0637988661738466,0.8135925216603431,0.7729230217118249,0.6888748255856649,0.7210343688037013,0.6853281853281853,0.1881818181818181
123,4,CLIP ViT-B/16 + DINO (ConvNeXt-B) + ResNet-18 + Xception,"['clip', 'dino', 'resnet', 'xception']",mean,0.9936454360115504,0.96594803308836,0.9098886324560344,0.8161387656845125,0.8221408178130333,0.837923811817226,0.7353460073537899,0.7364728417020112,-0.0719648206388084,0.7953649295012737,0.7427776780907949,0.6641034368803702,0.7037673496364838,0.694980694980695,0.4356565656565656
123,4,CLIP ViT-B/16 + DINO (ConvNeXt-B) + ResNet-18 + Xception,"['clip', 'dino', 'resnet', 'xception']",stacking,0.996801176753934,0.9783934909034154,0.9293311978394831,0.8323632706227637,0.8365390283769661,0.8663813405319838,0.7504932755142981,0.7423859812394663,-0.0629498573074993,0.8104834241616502,0.7494168311501884,0.6912547918043622,0.732468605419696,0.7123552123552124,0.4851515151515151
123,4,CLIP ViT-B/16 + DINO (ConvNeXt-B) + MobileNetV3 + Xception,"['clip', 'dino', 'mobilenet', 'xception']",geometric,0.9943464858699916,0.9684113379885044,0.9240372103586992,0.8381726546741634,0.8467575726033101,0.863182683337567,0.7679269237745058,0.7734746758367623,-0.0608545270211323,0.8247647902770728,0.7890723129373767,0.7036727252698832,0.7396397884996695,0.6853281853281853,0.198080808080808
123,4,CLIP ViT-B/16 + DINO (ConvNeXt-B) + MobileNetV3 + Xception,"['clip', 'dino', 'mobilenet', 'xception']",mean,0.9919884515403884,0.9604785461750914,0.9096232847365362,0.8258723694262615,0.8355172986667774,0.837086526618523,0.7472945418171225,0.7549368141092948,-0.0725367581180131,0.8054661851517855,0.7595549973084514,0.6845622750973049,0.7272141440846001,0.7007722007722008,0.4158585858585858
123,4,CLIP ViT-B/16 + DINO (ConvNeXt-B) + MobileNetV3 + Xception,"['clip', 'dino', 'mobilenet', 'xception']",stacking,0.996619989068246,0.9788345785577112,0.9288641300128868,0.841723139155908,0.8481358434846807,0.8662099028716902,0.7624582982956575,0.7598728804142498,-0.0626542271411966,0.8167296058853872,0.7581195047550691,0.6995223250348828,0.7440185062789161,0.7316602316602316,0.3861616161616161
123,5,CLIP ViT-B/16 + DINO (ConvNeXt-B) + ViT-B/16 + ResNet-18 + MobileNetV3,"['clip', 'dino', 'vit', 'resnet', 'mobilenet']",geometric,0.9940807277494365,0.9642379701824746,0.9165782803278328,0.8195573436220438,0.8261834045414357,0.8546200833247474,0.7517683721083612,0.7551090121401732,-0.0619581970030854,0.8170780406284608,0.7735510497039296,0.682478262466035,0.7141275611368143,0.6814671814671814,0.1683838383838383
123,5,CLIP ViT-B/16 + DINO (ConvNeXt-B) + ViT-B/16 + ResNet-18 + MobileNetV3,"['clip', 'dino', 'vit', 'resnet', 'mobilenet']",mean,0.9936255445009252,0.9638986719868624,0.9109078897709576,0.8148911496204939,0.8217102685991975,0.8435855540219143,0.7395725128746283,0.7413904140242106,-0.0673223357490432,0.797360643431761,0.7413421855374125,0.6632357714621429,0.6994877726371447,0.7007722007722008,0.396060606060606
123,5,CLIP ViT-B/16 + DINO (ConvNeXt-B) + ViT-B/16 + ResNet-18 + MobileNetV3,"['clip', 'dino', 'vit', 'resnet', 'mobilenet']",stacking,0.9968056772943692,0.9787056452433786,0.9290432606546992,0.8378483844196387,0.843622293483158,0.8655774224195454,0.7566873869863202,0.7524602997092373,-0.0634658382351539,0.8110933720825831,0.7535438722411627,0.69465921274877,0.736401189689359,0.7084942084942085,0.4158585858585858
123,5,CLIP ViT-B/16 + DINO (ConvNeXt-B) + ViT-B/16 + ResNet-18 + Xception,"['clip', 'dino', 'vit', 'resnet', 'xception']",geometric,0.9937166274329168,0.9639801035538093,0.9167080684704724,0.8158694564900768,0.8212311370088152,0.8544736296694975,0.7497403089910798,0.7507853976246511,-0.0622344388009747,0.819558217809171,0.7737304862731025,0.6793442388191232,0.7098975545274289,0.6833976833976834,0.1881818181818181
123,5,CLIP ViT-B/16 + DINO (ConvNeXt-B) + ViT-B/16 + ResNet-18 + Xception,"['clip', 'dino', 'vit', 'resnet', 'xception']",mean,0.992730263077686,0.962636482699185,0.906375735744246,0.813550099754324,0.8207507291710698,0.8385201350833364,0.7381655097363518,0.7417578247812747,-0.0678556006609094,0.7985724035973618,0.7463664094742508,0.6570941103032973,0.6920852610707204,0.6853281853281853,0.396060606060606
123,5,CLIP ViT-B/16 + DINO (ConvNeXt-B) + ViT-B/16 + ResNet-18 + Xception,"['clip', 'dino', 'vit', 'resnet', 'xception']",stacking,0.9967833507869904,0.9784477786147132,0.9284024412096648,0.8354575783057704,0.8406502160999808,0.8659302051414357,0.7546208511269765,0.7489287039848838,-0.062472236068229,0.8111741430765411,0.7522878162569532,0.6913674451053831,0.7321877065432916,0.7084942084942085,0.4257575757575757
123,5,CLIP ViT-B/16 + DINO (ConvNeXt-B) + ViT-B/16 + MobileNetV3 + Xception,"['clip', 'dino', 'vit', 'mobilenet', 'xception']",geometric,0.9927777311829776,0.9607907005150548,0.916408251147693,0.8236244620686244,0.831013728061168,0.8567290858100931,0.7590122398280819,0.7636293065805575,-0.0596791653375998,0.8279713206347142,0.7867396375381303,0.6910630461922597,0.7248843357567747,0.6872586872586872,0.1881818181818181
123,5,CLIP ViT-B/16 + DINO (ConvNeXt-B) + ViT-B/16 + MobileNetV3 + Xception,"['clip', 'dino', 'vit', 'mobilenet', 'xception']",mean,0.9910669345393548,0.9568616274098656,0.9060227498702424,0.8180294261515716,0.8267750728550276,0.8378701477971391,0.7443486289963561,0.7499690921698372,-0.0681526020731032,0.8067174521613287,0.7609007715772474,0.6733004700007343,0.7114507600793126,0.6911196911196911,0.396060606060606
123,5,CLIP ViT-B/16 + DINO (ConvNeXt-B) + ViT-B/16 + MobileNetV3 + Xception,"['clip', 'dino', 'vit', 'mobilenet', 'xception']",stacking,0.9966210663680972,0.978916010124658,0.927903114309425,0.840189725579427,0.8462551222736285,0.8662551208272266,0.7609908379912832,0.7575718721603737,-0.0616479934821984,0.8175059446572901,0.759913870446797,0.6989735257398839,0.7420852610707204,0.7335907335907336,0.396060606060606
123,5,CLIP ViT-B/16 + DINO (ConvNeXt-B) + ResNet-18 + MobileNetV3 + Xception,"['clip', 'dino', 'resnet', 'mobilenet', 'xception']",geometric,0.994253365098506,0.9669048539999864,0.91871013378278,0.8271584582323424,0.8354972014437412,0.8536577962224967,0.7568247896365425,0.7633742104897236,-0.0650523375602832,0.8110256181706489,0.7706800645971649,0.6937567379011531,0.7268341044282882,0.6756756756756757,0.198080808080808
123,5,CLIP ViT-B/16 + DINO (ConvNeXt-B) + ResNet-18 + MobileNetV3 + Xception,"['clip', 'dino', 'resnet', 'mobilenet', 'xception']",mean,0.992866296964276,0.9630639984256564,0.9069008002882966,0.8173808856425223,0.8265352468558959,0.8324912685437791,0.7378192550577916,0.7456206306291894,-0.0744095317445174,0.7933158455344884,0.7389197918535798,0.672312440331938,0.7126404494382024,0.696911196911197,0.4158585858585858
123,5,CLIP ViT-B/16 + DINO (ConvNeXt-B) + ResNet-18 + MobileNetV3 + Xception,"['clip', 'dino', 'resnet', 'mobilenet', 'xception']",stacking,0.9967587270368968,0.9786445715681684,0.9275915321945916,0.8393763018901108,0.845444785843853,0.8649143764043531,0.7580779018065701,0.7543954603027581,-0.0626771557902384,0.8095688765213592,0.7526466893952988,0.6938408974076522,0.7356741573033709,0.7142857142857143,0.396060606060606
123,5,CLIP ViT-B/16 + ViT-B/16 + ResNet-18 + MobileNetV3 + Xception,"['clip', 'vit', 'resnet', 'mobilenet', 'xception']",geometric,0.9835699026864174,0.9362458690444684,0.8912299320337377,0.7941268611188973,0.8026157705035516,0.8258647844306799,0.7328892479678148,0.743992246020291,-0.0653651476030577,0.8023647026460767,0.7536335905257492,0.635598700154219,0.6605750165234633,0.6756756756756757,0.2178787878787878
123,5,CLIP ViT-B/16 + ViT-B/16 + ResNet-18 + MobileNetV3 + Xception,"['clip', 'vit', 'resnet', 'mobilenet', 'xception']",mean,0.984780020533546,0.9416474963186146,0.8875290216841712,0.7965671321868456,0.8072408369874285,0.8174212498955635,0.7238811302192397,0.7356217800628332,-0.0701077717886077,0.786945578476359,0.7326395119325319,0.6300861790409048,0.6626074025115665,0.6853281853281853,0.4059595959595959
123,5,CLIP ViT-B/16 + ViT-B/16 + ResNet-18 + MobileNetV3 + Xception,"['clip', 'vit', 'resnet', 'mobilenet', 'xception']",stacking,0.9888520177406908,0.9513310668213868,0.9002574105232047,0.80761430526472,0.8146642099243916,0.8344775952481494,0.7331200844201883,0.7358020392395834,-0.0657798152750553,0.7871590260788451,0.7335366947783959,0.6124919218623779,0.6450760079312624,0.667953667953668,0.4752525252525252
123,5,DINO (ConvNeXt-B) + ViT-B/16 + ResNet-18 + MobileNetV3 + Xception,"['dino', 'vit', 'resnet', 'mobilenet', 'xception']",geometric,0.9916192110905696,0.958605620135312,0.9003376265862584,0.8050476237585671,0.8133566959752061,0.8314500317756457,0.7367640027040842,0.7455817437172316,-0.0688875948106126,0.7987646008134441,0.7535438722411627,0.6846550268047293,0.7202081956378057,0.6756756756756757,0.1881818181818181
123,5,DINO (ConvNeXt-B) + ViT-B/16 + ResNet-18 + MobileNetV3 + Xception,"['dino', 'vit', 'resnet', 'mobilenet', 'xception']",mean,0.9892910113906922,0.9534482875620068,0.8862407423751741,0.7952315784266847,0.8049034649965701,0.8111428269157985,0.7211605577448378,0.7305109954318496,-0.0750979154593756,0.7772338915481161,0.720527543513368,0.6707187706543292,0.7077329808327825,0.694980694980695,0.3861616161616161
123,5,DINO (ConvNeXt-B) + ViT-B/16 + ResNet-18 + MobileNetV3 + Xception,"['dino', 'vit', 'resnet', 'mobilenet', 'xception']",stacking,0.995377279114063,0.9747765721381894,0.9134252934574576,0.8251084106910254,0.8305221054649844,0.8424918148438937,0.7432878805366397,0.7381163304439485,-0.0709334786135638,0.7885642200833204,0.7434057060828997,0.7032640449438202,0.7455551883674819,0.7393822393822393,0.3861616161616161
123,6,CLIP ViT-B/16 + DINO (ConvNeXt-B) + ViT-B/16 + ResNet-18 + MobileNetV3 + Xception,"['clip', 'dino', 'vit', 'resnet', 'mobilenet', 'xception']",geometric,0.99311616630203,0.9618153810658034,0.9136618957703964,0.8181503404837672,0.8255558308861133,0.8503189172645901,0.7500261065035423,0.7556123929373583,-0.0633429785058062,0.8169014964535123,0.7720258388659609,0.6841359697437027,0.715680766688698,0.6833976833976834,0.1881818181818181
123,6,CLIP ViT-B/16 + DINO (ConvNeXt-B) + ViT-B/16 + ResNet-18 + MobileNetV3 + Xception,"['clip', 'dino', 'vit', 'resnet', 'mobilenet', 'xception']",mean,0.9921609820989228,0.9594606515882548,0.9045350303271958,0.8146987859101826,0.8245335553878581,0.8341795184882186,0.7380390992981473,0.7473214901050198,-0.0703555118389772,0.7966258942369244,0.7441234523595909,0.6654524124256443,0.7017349636483806,0.6872586872586872,0.3861616161616161
123,6,CLIP ViT-B/16 + DINO (ConvNeXt-B) + ViT-B/16 + ResNet-18 + MobileNetV3 + Xception,"['clip', 'dino', 'vit', 'resnet', 'mobilenet', 'xception']",stacking,0.9967740222407092,0.9787667189185888,0.927576351730105,0.8376835012393719,0.8433636532392798,0.8650435542261754,0.7563631167317956,0.7517458824056495,-0.0625327975039296,0.8103137790401744,0.752915844249058,0.6941618197840935,0.7359054857898215,0.7104247104247104,0.4158585858585858
123,6,CLIP ViT-B/16 + DINO (ConvNeXt-B) + ViT-B/16 + ResNet-18 + MobileNetV3 + Xception,"['clip', 'dino', 'vit', 'resnet', 'mobilenet', 'xception']",max,0.9889544673460448,0.9526000420729762,0.8951368747490616,0.8093510747635301,0.8197295527538431,0.8178214322661418,0.7282945033443805,0.7342064797789176,-0.0773154424829197,0.7410626097889174,0.6896644536156469,0.5954210912829552,0.630601454064772,0.4806949806949807,0.9405050505050504
2024,1,CLIP ViT-B/16,['clip'],single,0.9828437273349192,0.9355604866893318,0.9008497789919272,0.7880151912370086,0.7846911319764651,0.831180130546635,0.7203251496314861,0.7025567285098026,-0.0696696484452923,0.8360166095363207,0.7576709133321371,0.6483386208415951,0.6825346992729675,0.6814671814671814,0.5258558392524719
2024,1,DINO (ConvNeXt-B),['dino'],single,0.994322504588629,0.967447731112966,0.9186669826684412,0.8214535001951118,0.8256028688612597,0.849462358611177,0.746250281675433,0.7417913369312938,-0.0692046240572641,0.802546892980353,0.7513906334110891,0.6913711169861203,0.7212326503635162,0.694980694980695,0.1465752124786377
2024,1,ViT-B/16,['vit'],single,0.9453419172784864,0.8759525796841813,0.8151848691826789,0.7292618180019457,0.7379759359142118,0.7693580008154464,0.6792032844729509,0.6730193943060737,-0.0458268683672324,0.7399564344298825,0.7093127579400682,0.5958849232576926,0.6257600793126239,0.6776061776061776,0.1280882507562637
2024,1,ResNet-18,['resnet'],single,0.970767217477254,0.9153451001947572,0.842475340071976,0.7535655987732691,0.7665781664844604,0.7613850710531431,0.6882278905395527,0.705356215328998,-0.0810902690188328,0.6237571737545817,0.61385250314014,0.6249384225600353,0.6648215465961665,0.694980694980695,0.2330075204372406
2024,1,MobileNetV3,['mobilenet'],single,0.9483977738807784,0.8741678711752611,0.8202068088761183,0.729805932496826,0.7354958813306719,0.7338296807309921,0.6598459991096308,0.6678937088153856,-0.0863771281451262,0.7406364956088664,0.7013278306118788,0.6470320555188367,0.6953734302709847,0.7258687258687259,0.522171676158905
2024,1,Xception,['xception'],single,0.8433674198521819,0.761100140469453,0.7524835410078763,0.6882773554936328,0.7377672977783942,0.6784234565239392,0.6449130790834694,0.7079447596229912,-0.074060084483937,0.6953601392150889,0.6714516418446079,0.5555579055592275,0.5726040978189029,0.667953667953668,0.298082560300827
2024,2,CLIP ViT-B/16 + DINO (ConvNeXt-B),"['clip', 'dino']",geometric,0.9951291117145148,0.968112755576366,0.9305998505548836,0.8408822349365475,0.846679765075969,0.8701458164368459,0.7738847026881455,0.7742296611332145,-0.0604540341180377,0.8448904357087458,0.7888928763682038,0.7013471028860983,0.7357567746199603,0.6814671814671814,0.1188888888888888
2024,2,CLIP ViT-B/16 + DINO (ConvNeXt-B),"['clip', 'dino']",mean,0.9949859845014892,0.970399625414792,0.9274874345817624,0.8165949424832506,0.8156292473783662,0.862281029854853,0.7450136578234321,0.7307839610050485,-0.0652064047269093,0.8411758811824184,0.7739099228422752,0.6926964456194463,0.7290647719762061,0.7104247104247104,0.4851515151515151
2024,2,CLIP ViT-B/16 + DINO (ConvNeXt-B),"['clip', 'dino']",stacking,0.9954433979850096,0.9739215406852466,0.9282500182166932,0.8293678928479172,0.8320893907926619,0.8625884040657598,0.7545274173248253,0.7466892018353307,-0.0656616141509335,0.8365837800714527,0.7682576709133322,0.6942036057868841,0.7302709847984139,0.7084942084942085,0.4356565656565656
2024,2,CLIP ViT-B/16 + ViT-B/16,"['clip', 'vit']",geometric,0.9789061116369366,0.9279737790354432,0.8905567927546703,0.7944346430553952,0.7996421607491054,0.8303912032694613,0.7345215914524559,0.7326732673267327,-0.060165589485209,0.8249963641662772,0.78126682217836,0.6486314533303958,0.6804362194315928,0.6814671814671814,0.1386868686868687
2024,2,CLIP ViT-B/16 + ViT-B/16,"['clip', 'vit']",mean,0.9799610557426728,0.9372569776673928,0.8873381703386357,0.7821508461255201,0.778478854977617,0.8298292202438119,0.7139606588731884,0.6898672323790909,-0.0575089500948238,0.8123335420297009,0.750672887134398,0.6421507307042666,0.6796761401189689,0.6756756756756757,0.4554545454545454
2024,2,CLIP ViT-B/16 + ViT-B/16,"['clip', 'vit']",stacking,0.9814082130129648,0.9386684581611396,0.8924643255225289,0.7926594008145229,0.7906736728794092,0.8326900506020299,0.7243922680780667,0.7074943419118505,-0.0597742749204989,0.8202379047470468,0.7635923201148394,0.6466415877212308,0.6849636483807006,0.7007722007722008,0.5643434343434344
2024,2,CLIP ViT-B/16 + ResNet-18,"['clip', 'resnet']",geometric,0.9879011481052736,0.9457869343050832,0.909001278659161,0.8083233029398671,0.8131719782074153,0.8375764596168443,0.7441672574980627,0.7491431158248723,-0.0714248190423166,0.7803002930177707,0.7390095101381662,0.671425901446721,0.7037343027098479,0.6911196911196911,0.1683838383838383
2024,2,CLIP ViT-B/16 + ResNet-18,"['clip', 'resnet']",mean,0.9885778981321296,0.9521318105630314,0.9029170173546576,0.8042287039632421,0.8086715510388243,0.8306006695234185,0.7269974223262818,0.7257963014076732,-0.072316347831239,0.7669272426146203,0.7126323344697649,0.6623152309612983,0.702808988764045,0.6891891891891891,0.4752525252525252
2024,2,CLIP ViT-B/16 + ResNet-18,"['clip', 'resnet']",stacking,0.9885825248272724,0.9519350176095764,0.9034192322258224,0.8053279251650206,0.8096026490066225,0.8313977738892748,0.7281406123761315,0.726494592263287,-0.0720214583365475,0.7689245185949505,0.7176565584066033,0.6623490857016965,0.7030072703238599,0.693050193050193,0.6831313131313131
2024,2,CLIP ViT-B/16 + MobileNetV3,"['clip', 'mobilenet']",geometric,0.9827114495226096,0.9330225361861526,0.9002308449573464,0.8010904274321643,0.806761814754895,0.8305683618538133,0.740611276910309,0.7459698038054741,-0.069662483103533,0.8293930463333596,0.7879956935223399,0.6919874788866858,0.7404824851288831,0.6814671814671814,0.2277777777777777
2024,2,CLIP ViT-B/16 + MobileNetV3,"['clip', 'mobilenet']",mean,0.9831734925771402,0.9437647170592348,0.8927495857922916,0.8013817210506357,0.804577064924671,0.8164198989265997,0.7278218382276157,0.7254391022797836,-0.0763296868656918,0.8167307123373593,0.7710389377355105,0.686521260189469,0.7393588896232651,0.7142857142857143,0.495050505050505
2024,2,CLIP ViT-B/16 + MobileNetV3,"['clip', 'mobilenet']",stacking,0.9840108949682568,0.9426518189776268,0.8970490477211341,0.812940031987337,0.8185003279632681,0.822605562960138,0.7426173556035549,0.7442465020261488,-0.0744434847609961,0.8211308603025307,0.7823434415933967,0.6809489975765587,0.7301883674818241,0.7123552123552124,0.4455555555555555
2024,2,CLIP ViT-B/16 + Xception,"['clip', 'xception']",geometric,0.973066774594358,0.9258701302226476,0.8960231804909743,0.8117363847713894,0.8218572528135466,0.8262452621577311,0.7478166718879674,0.7607167441957488,-0.0697779183332432,0.8249721198510078,0.789610622644895,0.650710692516707,0.6907633840052874,0.6833976833976834,0.2178787878787878
2024,2,CLIP ViT-B/16 + Xception,"['clip', 'xception']",mean,0.9717812447031678,0.9349904657207032,0.8755874664205765,0.7959790488438941,0.7973622870368854,0.8047703766784368,0.720693388734082,0.7176800644426544,-0.0708170897421397,0.8093232116408641,0.7653866858065673,0.6412461996034369,0.6854593522802381,0.6911196911196911,0.4851515151515151
2024,2,CLIP ViT-B/16 + Xception,"['clip', 'xception']",stacking,0.9771319914652804,0.9366665988070276,0.8874267436720948,0.7988095434384739,0.7994872974660663,0.8188532814306894,0.7308776731685601,0.7217018664605451,-0.0685734622414054,0.8217646620262723,0.7705903463125785,0.6457503488286701,0.6886483807005948,0.694980694980695,0.5247474747474747
2024,2,DINO (ConvNeXt-B) + ViT-B/16,"['dino', 'vit']",geometric,0.9909806242048348,0.958435971037506,0.9031495498330088,0.8190517018692256,0.8267602595202138,0.8492757152313163,0.7547692459892167,0.7562003114498812,-0.0538738346016925,0.7984577719187892,0.7550690830791316,0.66081548799295,0.697769332452082,0.6756756756756757,0.0891919191919191
2024,2,DINO (ConvNeXt-B) + ViT-B/16,"['dino', 'vit']",mean,0.9907999664456086,0.9607024829841956,0.892716960921347,0.7868060479150522,0.7841642555085688,0.83667724926985,0.7175441199909864,0.697612295091613,-0.056039711651497,0.7942487635317856,0.7373048627310246,0.661132738488654,0.6976040978189029,0.694980694980695,0.4059595959595959
2024,2,DINO (ConvNeXt-B) + ViT-B/16,"['dino', 'vit']",stacking,0.992978452046238,0.9687099204006432,0.9034785948170604,0.8099886230605616,0.8111418239028068,0.8442820646857842,0.7370882729586088,0.7257801930705556,-0.0591965301312763,0.8036472920092397,0.7437645792212453,0.6745991407799076,0.7127726371447456,0.7084942084942085,0.3069696969696969
2024,2,DINO (ConvNeXt-B) + ResNet-18,"['dino', 'resnet']",geometric,0.993246103541892,0.9637833106003544,0.9084193681401436,0.8272079231864224,0.8381243660441671,0.8350512368586687,0.7552803838480436,0.7684459051858632,-0.0733681312814749,0.7427210185814616,0.7033016328727795,0.6663993170301828,0.7037673496364838,0.6853281853281853,0.099090909090909
2024,2,DINO (ConvNeXt-B) + ResNet-18,"['dino', 'resnet']",mean,0.9928458506030068,0.9640751070485808,0.899811626307519,0.8030580333833479,0.8103963722756351,0.8225195050697314,0.7267006326018016,0.7297588122126453,-0.0772921212377876,0.7344034123239159,0.6897541719002332,0.666406513916428,0.7064441506939855,0.694980694980695,0.3861616161616161
2024,2,DINO (ConvNeXt-B) + ResNet-18,"['dino', 'resnet']",stacking,0.993928771528261,0.9691510080549391,0.9078399428692292,0.81560564340165,0.8201130258543962,0.832737293965612,0.7370223196865021,0.7348494923970386,-0.0751026489036171,0.7569816387224085,0.7151444464381841,0.6733305059851656,0.715499008592201,0.7104247104247104,0.4257575757575757
2024,2,DINO (ConvNeXt-B) + MobileNetV3,"['dino', 'mobilenet']",geometric,0.9923653696928564,0.9616321600401728,0.9063483166307696,0.825641532973888,0.8353607905007058,0.8355882064253052,0.7556156463145861,0.7652905561977756,-0.0707601102054643,0.8025791428010672,0.7510317602727435,0.7026692002643754,0.7469927296761402,0.6698841698841699,0.1386868686868687
2024,2,DINO (ConvNeXt-B) + MobileNetV3,"['dino', 'mobilenet']",mean,0.990498178118768,0.9606414093089852,0.8878552673679468,0.7954404304550227,0.7973693236570321,0.806158229606468,0.7180607539558223,0.7129828566313057,-0.0816970377614788,0.793905210194471,0.7381123272923021,0.7012388191231549,0.7478354263053537,0.7239382239382239,0.4752525252525252
2024,2,DINO (ConvNeXt-B) + MobileNetV3,"['dino', 'mobilenet']",stacking,0.9928493423850924,0.9687981379315024,0.8996304459288056,0.8178095819112159,0.8217479445277925,0.8212554873716824,0.7406002846982913,0.7368573642805769,-0.0783749585571231,0.8001990181670627,0.7496859860039476,0.7032945215539401,0.7427957699933907,0.7200772200772201,0.297070707070707
2024,2,DINO (ConvNeXt-B) + Xception,"['dino', 'xception']",geometric,0.9903938871915118,0.9635661597551624,0.9080420431609966,0.831066189604665,0.8408044458946431,0.8353779907932177,0.7587704111636905,0.7679946717693638,-0.0726640523677788,0.7916051568862658,0.749327112865602,0.6667614379084967,0.7039325842696629,0.6737451737451737,0.1584848484848484
2024,2,DINO (ConvNeXt-B) + Xception,"['dino', 'xception']",mean,0.9863978009913866,0.9611910723858772,0.8738930478764485,0.7977268105547219,0.7997453490839641,0.7945120844997594,0.7156259789938828,0.7116995135650168,-0.0793809633766891,0.7832711653767225,0.7381123272923021,0.66267654402585,0.7038169200264377,0.7142857142857143,0.4554545454545454
2024,2,DINO (ConvNeXt-B) + Xception,"['dino', 'xception']",stacking,0.9908280118066282,0.9681398994320148,0.8920967202914107,0.8226846279411038,0.8278882676795698,0.8157992347028951,0.7437605456534045,0.743730967536251,-0.0762974855885156,0.7957872849988902,0.7474430288892876,0.6819190350297423,0.7201255783212162,0.6988416988416989,0.2178787878787878
2024,2,ViT-B/16 + ResNet-18,"['vit', 'resnet']",geometric,0.9766762067770768,0.9232778920081705,0.860490194700232,0.7711806185317702,0.7829681643547117,0.7993213648696564,0.7113280240949288,0.7247900150382244,-0.0611688298305755,0.7135773014371867,0.6869729050780549,0.6332173386208416,0.6686219431592861,0.6814671814671814,0.1188888888888888
2024,2,ViT-B/16 + ResNet-18,"['vit', 'resnet']",mean,0.976461255451902,0.9230064534516804,0.8576123557555005,0.7625957009458798,0.7708767630474797,0.7934702225294535,0.6946968073120194,0.6989850383929684,-0.064142133226047,0.700313415538159,0.6591602368562713,0.6303944701476096,0.6663582286847323,0.6737451737451737,0.3366666666666666
2024,2,ViT-B/16 + ResNet-18,"['vit', 'resnet']",stacking,0.9771271186917684,0.925354396965317,0.8572645609428547,0.7652448240421661,0.7766465343687087,0.7903570601421236,0.6985056087761821,0.7088260897258966,-0.0669075008007311,0.6894655651481687,0.6508164363897362,0.6325804141881471,0.6709682749504295,0.6737451737451737,0.4653535353535353
2024,2,ViT-B/16 + MobileNetV3,"['vit', 'mobilenet']",geometric,0.9653329195834705,0.8995541621709656,0.8448873110225474,0.7481189577184565,0.7556790011568583,0.7837662005736821,0.6919597465195909,0.6946582768107652,-0.0611211104488653,0.771986217643724,0.7344338776242598,0.642398435778806,0.6836252478519498,0.6795366795366795,0.1881818181818181
2024,2,ViT-B/16 + MobileNetV3,"['vit', 'mobilenet']",mean,0.9651826340494108,0.9018206741176552,0.845057183855833,0.7552474072119904,0.765351824725211,0.7739475834129271,0.6864361599806537,0.695677221131689,-0.0711096004429058,0.7628052046068885,0.7203481069441953,0.6465661672908865,0.6903502974223398,0.7065637065637066,0.3762626262626262
2024,2,ViT-B/16 + MobileNetV3,"['vit', 'mobilenet']",stacking,0.9651914634410094,0.9019360355041632,0.8451252978572754,0.752961027112291,0.7604536394546947,0.7743134897613415,0.684375120227319,0.6892226100603404,-0.0708118080959339,0.7627099521091789,0.71873317782164,0.6459566350884922,0.6896893588896232,0.7007722007722008,0.5643434343434344
2024,2,ViT-B/16 + Xception,"['vit', 'xception']",geometric,0.9465153215174218,0.8777915759043994,0.8258549646503034,0.7395065596025217,0.7531946802195398,0.7740747863368642,0.6911902916783459,0.7004398475195266,-0.0517801783134391,0.7575593530939797,0.7273461331419343,0.6012862965410883,0.6293456708526106,0.6776061776061776,0.1881818181818181
2024,2,ViT-B/16 + Xception,"['vit', 'xception']",mean,0.93891720446639,0.8698180683075127,0.8159439392122738,0.7337026716571309,0.7429138412233506,0.7535755858725718,0.6700742523921801,0.6771540898261239,-0.062368353339702,0.7436132744687868,0.7075183922483402,0.5994657046339135,0.6291969596827495,0.6833976833976834,0.3762626262626262
2024,2,ViT-B/16 + Xception,"['vit', 'xception']",stacking,0.945344381033912,0.8795152107381093,0.8224358625282815,0.7393526686342726,0.7468965149170091,0.7649679983120566,0.6770268264934294,0.6815131971166875,-0.0574678642162248,0.7452358862857653,0.7129912076081105,0.6011625541602409,0.6314771976206213,0.6853281853281853,0.4356565656565656
2024,2,ResNet-18 + MobileNetV3,"['resnet', 'mobilenet']",geometric,0.9762240563222472,0.9223074991687196,0.8535663673977517,0.77088382880729,0.788891308421154,0.7683198510949594,0.7052218503190489,0.7331243469174503,-0.0852465163027923,0.7011651557576848,0.6738740355284407,0.6584370639641625,0.7062458691341705,0.6718146718146718,0.1881818181818181
2024,2,ResNet-18 + MobileNetV3,"['resnet', 'mobilenet']",mean,0.9748320997889596,0.9203802854176422,0.8475238029101483,0.7605951183586429,0.7728545578749211,0.7622077498001394,0.6919377620955554,0.7070775694927124,-0.0853160531100089,0.704396646370107,0.6702853041449848,0.6610394727179262,0.711748182419035,0.7355212355212355,0.4158585858585858
2024,2,ResNet-18 + MobileNetV3,"['resnet', 'mobilenet']",stacking,0.9760207692268266,0.9243772181619538,0.8487210507451146,0.763969727448103,0.7779093640590173,0.7644785322548544,0.6969392185636477,0.714822840652265,-0.0842425184902602,0.6905620265097432,0.6582630540104073,0.656105786884042,0.7049239920687376,0.7355212355212355,0.495050505050505
2024,2,ResNet-18 + Xception,"['resnet', 'xception']",geometric,0.9655408077788156,0.9106831429870456,0.8374183634312987,0.7618097577866082,0.7847286382737758,0.7508772615827206,0.7026331843888605,0.7357780154416397,-0.0865411018485781,0.6684407810470505,0.6478557329983851,0.633150657266652,0.6739094514210179,0.6640926640926641,0.198080808080808
2024,2,ResNet-18 + Xception,"['resnet', 'xception']",mean,0.9598426951796644,0.9041211158839058,0.8253995399097384,0.7507186158606627,0.7659045161290322,0.7403980545713974,0.6870022588995697,0.7038302519697325,-0.0850014853383409,0.6790151425437194,0.6519827740893595,0.6229367334948961,0.6664077990746862,0.6833976833976834,0.396060606060606
2024,2,ResNet-18 + Xception,"['resnet', 'xception']",stacking,0.9680899012082522,0.9167090789411182,0.8367676874656117,0.7604687079204384,0.7783395044146967,0.752372974389574,0.6968457847614965,0.7205661830266678,-0.0843947130760377,0.6605979240422675,0.6371792571326036,0.6274474921054565,0.6702247191011235,0.6911196911196911,0.3465656565656566
2024,2,MobileNetV3 + Xception,"['mobilenet', 'xception']",geometric,0.9373716977146036,0.8658686373105868,0.8152432223734316,0.7408091367266292,0.769743812588191,0.724305284083167,0.6766475951788158,0.7202278768742064,-0.0909379382902646,0.7499127123293539,0.7137986721693881,0.6253313872365425,0.6661103767349636,0.6718146718146718,0.2772727272727273
2024,2,MobileNetV3 + Xception,"['mobilenet', 'xception']",mean,0.9385419650534657,0.871690994347292,0.8149657060893354,0.7428262076318928,0.7644239482852367,0.7249202753612909,0.6758561559135352,0.7045048024169911,-0.0900454307280445,0.7470069741945786,0.7144267001614929,0.6287867004479695,0.6679610046265697,0.6853281853281853,0.4158585858585858
2024,2,MobileNetV3 + Xception,"['mobilenet', 'xception']",stacking,0.9464625110095052,0.878144446027836,0.8215396501260459,0.7427272777237327,0.7633707410777475,0.7308832336744191,0.6745810593194722,0.7046269736349804,-0.0906564164516268,0.7482341758737302,0.7158621927148753,0.6408253286333261,0.689375413086583,0.6814671814671814,0.4554545454545454
2024,3,CLIP ViT-B/16 + DINO (ConvNeXt-B) + ViT-B/16,"['clip', 'dino', 'vit']",geometric,0.992888517735604,0.9618628828131892,0.91977131922397,0.8204147361594311,0.8231958400294358,0.8644239335498007,0.7552089344699281,0.7475557016624063,-0.0553473856741691,0.8351142328677221,0.7832406244392607,0.6860694352647425,0.7202742894910773,0.6853281853281853,0.1386868686868687
2024,3,CLIP ViT-B/16 + DINO (ConvNeXt-B) + ViT-B/16,"['clip', 'dino', 'vit']",mean,0.9931509549964472,0.9646315560893848,0.9130173808093492,0.8242620103656559,0.8287496987387194,0.8551809677235269,0.7559564048871374,0.7511949121676519,-0.0578364130858222,0.8262091006130298,0.7686165440516778,0.6772923918631122,0.7149537343027099,0.7065637065637066,0.3366666666666666
2024,3,CLIP ViT-B/16 + DINO (ConvNeXt-B) + ViT-B/16,"['clip', 'dino', 'vit']",stacking,0.9952155631582515,0.9728832882066734,0.923306488817188,0.8197387151203372,0.8205837946653246,0.8612236965235236,0.7443871017384184,0.7324358531814521,-0.0620827922936645,0.8337177440368504,0.7631437286919074,0.6907026878166997,0.7281559814937211,0.7123552123552124,0.4851515151515151
2024,3,CLIP ViT-B/16 + DINO (ConvNeXt-B) + ResNet-18,"['clip', 'dino', 'resnet']",geometric,0.9949280391326965,0.9686827765449944,0.9275586346428774,0.83660076835562,0.8431316680913034,0.8627048315299104,0.767866466608408,0.7723494852584488,-0.0648538031129669,0.8040800611724752,0.7550690830791316,0.6953741279283249,0.7277428949107733,0.6795366795366795,0.1287878787878787
2024,3,CLIP ViT-B/16 + DINO (ConvNeXt-B) + ResNet-18,"['clip', 'dino', 'resnet']",mean,0.9949547813424277,0.971566811207698,0.9199736256935204,0.8337208088069603,0.8406979927968155,0.850525404715781,0.7592705568104997,0.763652061299374,-0.0694482209777392,0.7930945225973778,0.7408935941144805,0.6851341705221414,0.7222736285525446,0.7123552123552124,0.3465656565656566
2024,3,CLIP ViT-B/16 + DINO (ConvNeXt-B) + ResNet-18,"['clip', 'dino', 'resnet']",stacking,0.9955996138448114,0.973765463515265,0.9246388879488388,0.8359522278465708,0.8417726887192536,0.8570974781475911,0.7632057687128669,0.7632773266227844,-0.0675414098012476,0.8075846013517004,0.7544410550870267,0.6896313798927811,0.7259583608724388,0.7084942084942085,0.3366666666666666
2024,3,CLIP ViT-B/16 + DINO (ConvNeXt-B) + MobileNetV3,"['clip', 'dino', 'mobilenet']",geometric,0.994226101110603,0.9656290927844846,0.92486281857152,0.8290820953354548,0.8335313955355709,0.8628328511994413,0.7605126767685095,0.7592516879012564,-0.0620299673720786,0.8385832364130219,0.7880854118069263,0.7196001689065139,0.7619960343688039,0.6737451737451737,0.1782828282828283
2024,3,CLIP ViT-B/16 + DINO (ConvNeXt-B) + MobileNetV3,"['clip', 'dino', 'mobilenet']",mean,0.9938719305883332,0.9658666015214132,0.9132767848784444,0.8289117160491791,0.8350912510264085,0.8409232928135926,0.7554947319823905,0.7577501756143781,-0.0723534920648518,0.8269228760344552,0.7791135833482864,0.7114521186751854,0.7560310641110377,0.7046332046332047,0.3762626262626262
2024,3,CLIP ViT-B/16 + DINO (ConvNeXt-B) + MobileNetV3,"['clip', 'dino', 'mobilenet']",stacking,0.9953529061395888,0.97257113386671,0.9216919631451834,0.8250644418429542,0.8277754029792599,0.8528888047747203,0.7507406002846982,0.7438261144625952,-0.0688031583704631,0.8297826801410387,0.7665530235061906,0.7051751119923625,0.7451090548578984,0.7162162162162162,0.4554545454545454
2024,3,CLIP ViT-B/16 + DINO (ConvNeXt-B) + Xception,"['clip', 'dino', 'xception']",geometric,0.9934492563343144,0.9660837523666048,0.9267740944633788,0.8339791257893783,0.839344122793488,0.8643890683247597,0.7678060094423101,0.7687414811449341,-0.062385026138619,0.8362988036032454,0.7874573838148214,0.6972954762429316,0.7364672835426306,0.6776061776061776,0.1782828282828283
2024,3,CLIP ViT-B/16 + DINO (ConvNeXt-B) + Xception,"['clip', 'dino', 'xception']",mean,0.9924349048064434,0.965391584047556,0.9060664745033742,0.8317092340077056,0.8385344709393687,0.8368733667010042,0.7599300895315669,0.7637181928336507,-0.0691931078023699,0.824510664293262,0.779921047909564,0.6855241609752516,0.7288664904163913,0.6911196911196911,0.3762626262626262
2024,3,CLIP ViT-B/16 + DINO (ConvNeXt-B) + Xception,"['clip', 'dino', 'xception']",stacking,0.994838211037424,0.9727543548923406,0.9184395349825154,0.8279828741336763,0.8311957283857397,0.8521629917340592,0.7530929336565043,0.7469270029406131,-0.0662765432484562,0.8304842683194196,0.7685268257670913,0.6926477564808695,0.7315763384005287,0.7084942084942085,0.4554545454545454
2024,3,CLIP ViT-B/16 + ViT-B/16 + ResNet-18,"['clip', 'vit', 'resnet']",geometric,0.9865110536959948,0.9441040152548468,0.901764840822866,0.8069272920136084,0.814099816370054,0.8385365101316484,0.7467119545801799,0.7527535905318333,-0.0632283306912177,0.7921382063951427,0.7550690830791316,0.6663858779466842,0.6960508922670192,0.6891891891891891,0.1287878787878787
2024,3,CLIP ViT-B/16 + ViT-B/16 + ResNet-18,"['clip', 'vit', 'resnet']",mean,0.987168914356081,0.9497974389772196,0.8969997006525822,0.8101480101348195,0.8190717626662337,0.8329215445346686,0.7384513072488142,0.7440927521268244,-0.0640781561179135,0.773234962593625,0.7271666965727616,0.6567202394066242,0.6943159286186384,0.7046332046332047,0.3366666666666666
2024,3,CLIP ViT-B/16 + ViT-B/16 + ResNet-18,"['clip', 'vit', 'resnet']",stacking,0.988522511518242,0.9524982526142926,0.9017027840270656,0.8070427102397951,0.812359034109737,0.8336266420493563,0.7320153671124009,0.7315757312178982,-0.0680761419777091,0.7726182783327449,0.7216041629284048,0.6624410295953588,0.7013218770654329,0.6911196911196911,0.6138383838383838
2024,3,CLIP ViT-B/16 + ViT-B/16 + MobileNetV3,"['clip', 'vit', 'mobilenet']",geometric,0.9820216157379518,0.9319164240684568,0.8937429827694071,0.7960010332679297,0.8021872018844898,0.8317504397832628,0.7361429427250793,0.738606788557241,-0.0619925429861443,0.8258103873906391,0.7837789341467791,0.6778269442608504,0.7173661599471249,0.6795366795366795,0.1683838383838383
2024,3,CLIP ViT-B/16 + ViT-B/16 + MobileNetV3,"['clip', 'vit', 'mobilenet']",mean,0.983026596540156,0.93918419141847,0.889909116030458,0.8024259811923252,0.8102587380844303,0.8214724922980001,0.7351591397494874,0.7379104412668541,-0.0684366237324578,0.8105414152620666,0.7596447155930378,0.6729420944407726,0.7171017845340383,0.694980694980695,0.3564646464646465
2024,3,CLIP ViT-B/16 + ViT-B/16 + MobileNetV3,"['clip', 'vit', 'mobilenet']",stacking,0.9846608013631316,0.9436154258531652,0.8971399809535199,0.8005078401952217,0.8015939390957839,0.8272663783453659,0.7322242191407388,0.7212709600279181,-0.069873602608154,0.8208172625252235,0.7712183743046833,0.6771808401263126,0.7235789821546595,0.696911196911197,0.5742424242424242
2024,3,CLIP ViT-B/16 + ViT-B/16 + Xception,"['clip', 'vit', 'xception']",geometric,0.9774077987285738,0.926107638959576,0.8902926908701386,0.7957152357554672,0.8026421285701391,0.8300819709268232,0.7365881273117996,0.7398565946383112,-0.0602107199433153,0.823508218806605,0.7836892158621928,0.652042410222516,0.6848479841374753,0.6795366795366795,0.1782828282828283
2024,3,CLIP ViT-B/16 + ViT-B/16 + Xception,"['clip', 'vit', 'xception']",mean,0.9763238017496776,0.933144683536573,0.8774619248511583,0.7977817716148109,0.8060024148858201,0.8143736811267546,0.7331805415862861,0.7363539104036668,-0.0630882437244036,0.8042085072293456,0.758568096178001,0.6425464860101344,0.6803701255783211,0.6833976833976834,0.3564646464646465
2024,3,CLIP ViT-B/16 + ViT-B/16 + Xception,"['clip', 'vit', 'xception']",stacking,0.9806799420170416,0.939292766841066,0.890278850159878,0.7957976773456007,0.7948380969209701,0.8279311229962687,0.7273601653228687,0.7125156474569985,-0.0623477271636092,0.8190730386194369,0.7642203481069442,0.6489562679004186,0.6874091209517514,0.7123552123552124,0.594040404040404
2024,3,CLIP ViT-B/16 + ResNet-18 + MobileNetV3,"['clip', 'resnet', 'mobilenet']",geometric,0.9877872495767558,0.9463976710571852,0.9035360202386632,0.8107910545378599,0.8188982177051112,0.8311540238946084,0.743068036296284,0.7558341167867962,-0.0723819963440548,0.790356021423904,0.7531849991028171,0.6948968568700888,0.7347488433575677,0.6795366795366795,0.1782828282828283
2024,3,CLIP ViT-B/16 + ResNet-18 + MobileNetV3,"['clip', 'resnet', 'mobilenet']",mean,0.987925573995704,0.9499331582554644,0.8935335570223757,0.8068503465294838,0.8183758585581907,0.8155974630359142,0.7320813203845076,0.7470644700998833,-0.0779360939864615,0.7767996579631526,0.7347927507626054,0.6864727546449292,0.7353106411103767,0.7142857142857143,0.3762626262626262
2024,3,CLIP ViT-B/16 + ResNet-18 + MobileNetV3,"['clip', 'resnet', 'mobilenet']",stacking,0.9890409246373782,0.9535975787680762,0.9003981164556066,0.8118792835276207,0.8193925578842948,0.8255134322948572,0.7325649777132901,0.7393300440887346,-0.0748846841607494,0.7792417927216483,0.7352413421855374,0.6784435264742601,0.7228519497686716,0.7123552123552124,0.5742424242424242
2024,3,CLIP ViT-B/16 + ResNet-18 + Xception,"['clip', 'resnet', 'xception']",geometric,0.9855460083360016,0.943744359167498,0.9034373266572946,0.8123629408564033,0.8210147738830462,0.8301115502450213,0.7452609825938322,0.7591346328737651,-0.0733257764122733,0.783495026644828,0.7483402117351516,0.6766527502386723,0.7115664243225381,0.6776061776061776,0.1881818181818181
2024,3,CLIP ViT-B/16 + ResNet-18 + Xception,"['clip', 'resnet', 'xception']",mean,0.984375829094538,0.9470355516649362,0.885468126730744,0.8088674174347474,0.8235276207487998,0.8085566340095096,0.7349942565692207,0.7540262721591634,-0.0769114927212344,0.7686141588167967,0.7272564148573479,0.6603435044429756,0.7025446133509583,0.7007722007722008,0.3663636363636363
2024,3,CLIP ViT-B/16 + ResNet-18 + Xception,"['clip', 'resnet', 'xception']",stacking,0.9882095011741592,0.9520232351404356,0.9007099082061312,0.8076967468548534,0.8141068212367376,0.8278948827586863,0.7300752416912617,0.7331014618770719,-0.0728150254474448,0.7725365961430452,0.7207966983671272,0.6633753763677757,0.7040152015862524,0.693050193050193,0.6534343434343434
2024,3,CLIP ViT-B/16 + MobileNetV3 + Xception,"['clip', 'mobilenet', 'xception']",geometric,0.9785191733879892,0.9282384316280206,0.8944205809594954,0.8069767569676884,0.8179594037030126,0.8224035021873228,0.7424854490593414,0.7597329340334755,-0.0720170787721725,0.8249606810901793,0.7884442849452719,0.6851043915693619,0.7320389953734303,0.6737451737451737,0.2178787878787878
2024,3,CLIP ViT-B/16 + MobileNetV3 + Xception,"['clip', 'mobilenet', 'xception']",mean,0.9782366259547518,0.9319164240684568,0.879516636694032,0.799001907148785,0.8157251623761079,0.799280875418493,0.7240240289754709,0.7479886975593353,-0.080235761275539,0.8082065900735053,0.7658352772294994,0.6757412425644416,0.7242894910773299,0.6911196911196911,0.3861616161616161
2024,3,CLIP ViT-B/16 + MobileNetV3 + Xception,"['clip', 'mobilenet', 'xception']",stacking,0.983640271897353,0.9426518189776268,0.8963998007360575,0.8110823481563313,0.8161861828138118,0.822044675782682,0.7362418726332394,0.7388810899633269,-0.0743551249533754,0.8217236582178971,0.7811771038937736,0.6791249541014908,0.7288830138797091,0.7065637065637066,0.495050505050505
2024,3,DINO (ConvNeXt-B) + ViT-B/16 + ResNet-18,"['dino', 'vit', 'resnet']",geometric,0.992042810127616,0.9604446163555302,0.9041964124327222,0.8148087080303605,0.8232578876970285,0.8435889383261787,0.7494655036906351,0.7559037409101133,-0.0606074741065435,0.7633719520868547,0.7251031760272744,0.6647446206947198,0.6998678122934567,0.6756756756756757,0.1089898989898989
2024,3,DINO (ConvNeXt-B) + ViT-B/16 + ResNet-18,"['dino', 'vit', 'resnet']",mean,0.9918005782303708,0.9635390158995134,0.8947724035560937,0.8037505427404684,0.811276776795294,0.8295822791555081,0.7311469823629958,0.7336966285406312,-0.0651901244005855,0.7527915051043396,0.705454871702853,0.6633277153558053,0.7,0.7046332046332047,0.3267676767676767
2024,3,DINO (ConvNeXt-B) + ViT-B/16 + ResNet-18,"['dino', 'vit', 'resnet']",stacking,0.9938347990207748,0.969313871188833,0.9056999799400564,0.8159134253381479,0.8211707671279685,0.8389819919038536,0.7419138540344166,0.7395562950637826,-0.0667179880362028,0.7704478588901448,0.7228602189126144,0.6740782477785121,0.7145241242564442,0.7123552123552124,0.3366666666666666
2024,3,DINO (ConvNeXt-B) + ViT-B/16 + MobileNetV3,"['dino', 'vit', 'mobilenet']",geometric,0.9906138321724836,0.9550022732979108,0.9004047067966123,0.8099116775764371,0.8168773958531884,0.8419281201536295,0.7453873930320368,0.7477896341463415,-0.0584765866429828,0.8030499869292225,0.7559662659249955,0.68398336638026,0.7258922670191672,0.667953667953668,0.1386868686868687
2024,3,DINO (ConvNeXt-B) + ViT-B/16 + MobileNetV3,"['dino', 'vit', 'mobilenet']",mean,0.9898841104932856,0.9571059221107062,0.8872285699587134,0.8024919344644319,0.8106877950101147,0.8173957928980612,0.7310095797127735,0.7356572650772903,-0.0698327770606521,0.7934450400735751,0.7437645792212453,0.6847938238965999,0.7280733641771315,0.7123552123552124,0.3366666666666666
2024,3,DINO (ConvNeXt-B) + ViT-B/16 + MobileNetV3,"['dino', 'vit', 'mobilenet']",stacking,0.9932955702790216,0.968845639678888,0.9009278405928572,0.8100106074845972,0.8119648821244791,0.8314101874096276,0.7362693531632838,0.7271796912755494,-0.0695176531832296,0.8031811014879078,0.7451103534900413,0.6939528163325255,0.7346497025776604,0.7258687258687259,0.3762626262626262
2024,3,DINO (ConvNeXt-B) + ViT-B/16 + Xception,"['dino', 'vit', 'xception']",geometric,0.989415564240268,0.954567971607527,0.8998787008987718,0.8140502454011332,0.8223551217360714,0.8429984972091018,0.7508615146168939,0.755778244706643,-0.0568802036896699,0.7978089191939575,0.7554279562174772,0.6603905779540281,0.6982815598149372,0.6698841698841699,0.1386868686868687
2024,3,DINO (ConvNeXt-B) + ViT-B/16 + Xception,"['dino', 'vit', 'xception']",mean,0.987099166620046,0.9563458941525348,0.8769244692014104,0.8003484531209638,0.8073463586414646,0.8104128117755569,0.728525339796754,0.729898508246205,-0.0665116574258535,0.7862527442856393,0.7430468329445541,0.6578494896085776,0.6959187045604758,0.694980694980695,0.3465656565656566
2024,3,DINO (ConvNeXt-B) + ViT-B/16 + Xception,"['dino', 'vit', 'xception']",stacking,0.9921757836121998,0.968675990581082,0.8961149191690034,0.8096148878519569,0.8113618541430687,0.8302384522074384,0.7370168235804933,0.7271897966281436,-0.065876466961565,0.8005180668474674,0.7454692266283869,0.676792061393846,0.7161764705882352,0.7007722007722008,0.3663636363636363
2024,3,DINO (ConvNeXt-B) + ResNet-18 + MobileNetV3,"['dino', 'resnet', 'mobilenet']",geometric,0.9924754867435998,0.9604853321390036,0.90187618392683,0.8140502454011332,0.8241043530702324,0.827662521879035,0.7445300004946496,0.7573349760895441,-0.0742136620477948,0.7610665292323147,0.7210658532208865,0.6856356392744365,0.7270819563780568,0.6756756756756757,0.1485858585858586
2024,3,DINO (ConvNeXt-B) + ResNet-18 + MobileNetV3,"['dino', 'resnet', 'mobilenet']",mean,0.9914073737543928,0.96110964081893,0.8875528653822005,0.8037065738923972,0.8153853311071712,0.8059715054597488,0.730421496369822,0.7442634062410386,-0.0815813599224516,0.7547045280212704,0.7069800825408218,0.6865857751340236,0.7309319233311302,0.7297297297297297,0.3465656565656566
2024,3,DINO (ConvNeXt-B) + ResNet-18 + MobileNetV3,"['dino', 'resnet', 'mobilenet']",stacking,0.9938300829820242,0.9692460115497106,0.9018686416730642,0.8166004385892595,0.8226270271994217,0.8249222898398765,0.7360275244988925,0.7381317165460801,-0.0769463518331877,0.77218596476738,0.7251928943118607,0.6886292502019535,0.7327660277594183,0.7297297297297297,0.4059595959595959
2024,3,DINO (ConvNeXt-B) + ResNet-18 + Xception,"['dino', 'resnet', 'xception']",geometric,0.991746142569902,0.961523584617577,0.9023771499373584,0.8189582680670745,0.8306931609083152,0.826385661324267,0.7489378775137815,0.7645190890064232,-0.0759914886130912,0.7485201937084993,0.708146420240445,0.6687557097745465,0.7058658294778586,0.6698841698841699,0.1485858585858586
2024,3,DINO (ConvNeXt-B) + ResNet-18 + Xception,"['dino', 'resnet', 'xception']",mean,0.9893226156373648,0.9615575144371382,0.87983720554208,0.8063282164586391,0.8205987170349252,0.798052859424101,0.7319604060523119,0.7486146978623821,-0.081784346117979,0.7440667570637929,0.6984568455051139,0.6645826173165895,0.7050396563119631,0.7027027027027027,0.3366666666666666
2024,3,DINO (ConvNeXt-B) + ResNet-18 + Xception,"['dino', 'resnet', 'xception']",stacking,0.9930647542324677,0.968865997570625,0.8995576648626111,0.8141491753092933,0.8200956581418486,0.8231802500939351,0.7340214458056467,0.7357540679261767,-0.0763774147686759,0.7650994653135931,0.7196303606675041,0.6752244620694721,0.7166721744877727,0.7200772200772201,0.4257575757575757
2024,3,DINO (ConvNeXt-B) + MobileNetV3 + Xception,"['dino', 'mobilenet', 'xception']",geometric,0.9896741302004184,0.9561219573434308,0.8986796921239971,0.8168587555716774,0.8272988297243788,0.824115710619998,0.747580339329585,0.7601710713894068,-0.0745639815039991,0.7972851443560226,0.7534541539565763,0.6875217375339648,0.7300892267019167,0.6718146718146718,0.1881818181818181
2024,3,DINO (ConvNeXt-B) + MobileNetV3 + Xception,"['dino', 'mobilenet', 'xception']",mean,0.9862908171979518,0.948813474209944,0.8747526383744717,0.7962758385683744,0.8109260628937234,0.7897371878411709,0.7207373575821531,0.7396990794104539,-0.0850154505333008,0.7878443103619912,0.7433159877983133,0.6850684438569435,0.7293126239259748,0.693050193050193,0.3762626262626262
2024,3,DINO (ConvNeXt-B) + MobileNetV3 + Xception,"['dino', 'mobilenet', 'xception']",stacking,0.9924431313204158,0.9686013449780474,0.896970767839742,0.8153803030552853,0.819221475354254,0.8181069079141936,0.7356263087602434,0.7338755186721991,-0.0788638599255483,0.8001409619812363,0.7473533106047012,0.6993597341558345,0.7393754130865829,0.7181467181467182,0.3564646464646465
2024,4,CLIP ViT-B/16 + DINO (ConvNeXt-B) + ViT-B/16 + ResNet-18,"['clip', 'dino', 'vit', 'resnet']",geometric,0.993595917125362,0.9639597456620724,0.9202569796678288,0.8274497518508137,0.8339178873530019,0.8607252844870258,0.7626671503239955,0.7657074028257048,-0.059531695180803,0.8067879396604878,0.7562354207787547,0.6877665051039142,0.7188863185723726,0.6737451737451737,0.1188888888888888
2024,4,CLIP ViT-B/16 + DINO (ConvNeXt-B) + ViT-B/16 + ResNet-18,"['clip', 'dino', 'vit', 'resnet']",mean,0.9938474579171296,0.965778383990554,0.913137720217524,0.8176996597910381,0.8225279164459569,0.8496635901652292,0.7460139491170505,0.7431068220225918,-0.0634741300522947,0.7930459851527814,0.7404450026915486,0.6782722699566718,0.7137970918704561,0.7142857142857143,0.3465656565656566
2024,4,CLIP ViT-B/16 + DINO (ConvNeXt-B) + ViT-B/16 + ResNet-18,"['clip', 'dino', 'vit', 'resnet']",stacking,0.9955526282141726,0.9738265371904752,0.9236287311076146,0.8319125899300346,0.8367696585735559,0.8576891334227241,0.7581328628666589,0.7556754776062227,-0.0659395976848904,0.8085878766773366,0.7512111968419164,0.6892637511933613,0.7258592200925313,0.7104247104247104,0.3762626262626262
2024,4,CLIP ViT-B/16 + DINO (ConvNeXt-B) + ViT-B/16 + MobileNetV3,"['clip', 'dino', 'vit', 'mobilenet']",geometric,0.992577213835252,0.9596913743612712,0.9169958997568138,0.8184471302082474,0.8223048247147614,0.8595394040316511,0.75490115253343,0.7516193892270933,-0.0574564957251627,0.8331015804592512,0.7831509061546743,0.70359840640376,0.7418043621943159,0.6795366795366795,0.1584848484848484
2024,4,CLIP ViT-B/16 + DINO (ConvNeXt-B) + ViT-B/16 + MobileNetV3,"['clip', 'dino', 'vit', 'mobilenet']",mean,0.9927935903443466,0.9613471495558586,0.9081866176283234,0.8136215491324397,0.8176876965672966,0.8417776142003273,0.7418588929743277,0.7376353215877733,-0.0664090034279961,0.8205679854044665,0.7702314731742329,0.69675468164794,0.7392762723066756,0.7162162162162162,0.3762626262626262
2024,4,CLIP ViT-B/16 + DINO (ConvNeXt-B) + ViT-B/16 + MobileNetV3,"['clip', 'dino', 'vit', 'mobilenet']",stacking,0.9953554698793304,0.9727950706758142,0.9211086818742618,0.8215249495732274,0.8231944028530205,0.8541163791448219,0.7468218767003578,0.7376245236915401,-0.0669923027294399,0.8297745444647739,0.7647586578144626,0.7031317103620475,0.7420687376074024,0.7181467181467182,0.495050505050505
2024,4,CLIP ViT-B/16 + DINO (ConvNeXt-B) + ViT-B/16 + Xception,"['clip', 'dino', 'vit', 'xception']",geometric,0.9919512539237464,0.9594606515882548,0.9175880161069716,0.8195353591980082,0.8232710597277615,0.8608361947967151,0.7565554804421067,0.7528402115929737,-0.0567518213102564,0.8319949983164032,0.7838686524313655,0.686831717705809,0.7216953073364176,0.6776061776061776,0.1683838383838383
2024,4,CLIP ViT-B/16 + DINO (ConvNeXt-B) + ViT-B/16 + Xception,"['clip', 'dino', 'vit', 'xception']",mean,0.9915229729749072,0.9592367147791508,0.902174106377602,0.8153033575711608,0.8204870700477027,0.8389219774351501,0.7464481414917531,0.7443347760788726,-0.0632521289424518,0.8177794335506112,0.7692445720437825,0.6761950870235736,0.7150363516192995,0.693050193050193,0.3663636363636363
2024,4,CLIP ViT-B/16 + DINO (ConvNeXt-B) + ViT-B/16 + Xception,"['clip', 'dino', 'vit', 'xception']",stacking,0.994927426572984,0.9729918636292691,0.9183132317322232,0.8243444519557893,0.8267111997917932,0.8539815346140037,0.7493061166163772,0.7410015160720673,-0.0643316971182195,0.8302133828425031,0.7665530235061906,0.6917959535874275,0.7303536021150033,0.7084942084942085,0.4752525252525252
2024,4,CLIP ViT-B/16 + DINO (ConvNeXt-B) + ResNet-18 + MobileNetV3,"['clip', 'dino', 'resnet', 'mobilenet']",geometric,0.9943003004014688,0.9657919559183784,0.9215596989549468,0.8311046623467273,0.8384417223069239,0.855376066306696,0.7625242515677643,0.7701555418430963,-0.0661836326482507,0.8068019981090736,0.7613493630001794,0.7109296100462656,0.7485955056179776,0.6737451737451737,0.1485858585858586
2024,4,CLIP ViT-B/16 + DINO (ConvNeXt-B) + ResNet-18 + MobileNetV3,"['clip', 'dino', 'resnet', 'mobilenet']",mean,0.994187026319581,0.9666266294795844,0.9101236704977002,0.821030300032427,0.8290862520535578,0.835687075248527,0.7424194957872348,0.7498532190398924,-0.0744365952491731,0.7948086119582791,0.7441234523595909,0.7017123081442314,0.7451751487111699,0.7316602316602316,0.3762626262626262
2024,4,CLIP ViT-B/16 + DINO (ConvNeXt-B) + ResNet-18 + MobileNetV3,"['clip', 'dino', 'resnet', 'mobilenet']",stacking,0.9956770980470486,0.9735483126700732,0.9218961046525777,0.8265154138293019,0.8300187940569853,0.8531958753689275,0.752345463239295,0.747698716656588,-0.06870022928365,0.8104219835344977,0.7530055625336444,0.6981309759859,0.7368142762723067,0.7162162162162162,0.4653535353535353
2024,4,CLIP ViT-B/16 + DINO (ConvNeXt-B) + ResNet-18 + Xception,"['clip', 'dino', 'resnet', 'xception']",geometric,0.9939814008565448,0.9666469873713212,0.9235378659219244,0.8367106904757979,0.8450635182210726,0.8566500729756353,0.768014861470648,0.7774737585736051,-0.0668877929462891,0.8029773841542345,0.7564148573479275,0.6976456267900419,0.73172504957039,0.6698841698841699,0.1485858585858586
2024,4,CLIP ViT-B/16 + DINO (ConvNeXt-B) + ResNet-18 + Xception,"['clip', 'dino', 'resnet', 'xception']",mean,0.9933358073038392,0.9660769664026928,0.9062406940509056,0.8178150780172248,0.8248491445359147,0.8326425338166977,0.7385667254750009,0.7439206249226115,-0.0735981602342077,0.7908456915069365,0.7364076798851606,0.684385363883381,0.7243225380039657,0.7123552123552124,0.396060606060606
2024,4,CLIP ViT-B/16 + DINO (ConvNeXt-B) + ResNet-18 + Xception,"['clip', 'dino', 'resnet', 'xception']",stacking,0.99542917586311,0.9736636740565814,0.9210090860875656,0.8304011607775891,0.8350263034087507,0.853248896341565,0.7564510544279378,0.7539328650359552,-0.0677601897460005,0.8085891133001287,0.7534541539565763,0.6904353748990233,0.7287012557832122,0.7104247104247104,0.4158585858585858
2024,4,CLIP ViT-B/16 + DINO (ConvNeXt-B) + MobileNetV3 + Xception,"['clip', 'dino', 'mobilenet', 'xception']",geometric,0.992824838271074,0.962276826611836,0.920437919660166,0.8308023765162382,0.8375658891005313,0.8558284768009345,0.762535243779782,0.7677146728027354,-0.0646094428592314,0.8332989519654379,0.790956396913691,0.7142448042887566,0.7568572372769333,0.6698841698841699,0.1881818181818181
2024,4,CLIP ViT-B/16 + DINO (ConvNeXt-B) + MobileNetV3 + Xception,"['clip', 'dino', 'mobilenet', 'xception']",mean,0.9919932348744308,0.9602342514742508,0.9025450604694244,0.8157320538398545,0.8228661999735835,0.8265317078725614,0.7359945478628391,0.7425183724009284,-0.0760133525968631,0.8195174417997314,0.7709492194509241,0.7037068737607401,0.7472405816259088,0.7007722007722008,0.4158585858585858
2024,4,CLIP ViT-B/16 + DINO (ConvNeXt-B) + MobileNetV3 + Xception,"['clip', 'dino', 'mobilenet', 'xception']",stacking,0.9952492426306924,0.9727407829645162,0.9198289745964754,0.8229099682874683,0.8250484603982169,0.8511960558445721,0.7482178876266166,0.7403519709808145,-0.0686329187519032,0.829040771551089,0.7663735869370177,0.703467614011897,0.7434401850627892,0.7162162162162162,0.5049494949494949
2024,5,CLIP ViT-B/16 + DINO (ConvNeXt-B) + ViT-B/16 + ResNet-18 + MobileNetV3,"['clip', 'dino', 'vit', 'resnet', 'mobilenet']",geometric,0.9931817358823424,0.9618628828131892,0.9163759372415032,0.8195683358340615,0.8251311689349349,0.8551724561439632,0.7550165707596168,0.7577078622369108,-0.06120348109754,0.808817335290712,0.7595549973084514,0.7011869354483367,0.7360707204230006,0.6718146718146718,0.1485858585858586
2024,5,CLIP ViT-B/16 + DINO (ConvNeXt-B) + ViT-B/16 + ResNet-18 + MobileNetV3,"['clip', 'dino', 'vit', 'resnet', 'mobilenet']",mean,0.9933903804307598,0.9638986719868624,0.9071327758581648,0.8173314206884422,0.8248893572181243,0.8380654934972558,0.7402485339137221,0.7454364277827152,-0.0690672823609088,0.7951780042034111,0.7424188049524493,0.6931126900198281,0.7332286847323198,0.7277992277992278,0.3564646464646465
2024,5,CLIP ViT-B/16 + DINO (ConvNeXt-B) + ViT-B/16 + ResNet-18 + MobileNetV3,"['clip', 'dino', 'vit', 'resnet', 'mobilenet']",stacking,0.9956645422026016,0.9735890284535468,0.9215639710771706,0.8272958608825647,0.8311526412792916,0.8536358162752997,0.7530984297625133,0.7490825816181194,-0.0679281548018708,0.8102826031287274,0.7535438722411627,0.6975648454138209,0.7365499008592201,0.7200772200772201,0.4455555555555555
2024,5,CLIP ViT-B/16 + DINO (ConvNeXt-B) + ViT-B/16 + ResNet-18 + Xception,"['clip', 'dino', 'vit', 'resnet', 'xception']",geometric,0.9928855923076312,0.9619511003440484,0.917474079016038,0.8198101644984529,0.8251830285967185,0.8564382090327533,0.7552529033179992,0.7571190924213914,-0.0610358699832846,0.8064596813945513,0.7577606316167235,0.6897540207094074,0.7217448777263714,0.6737451737451737,0.1584848484848484
2024,5,CLIP ViT-B/16 + DINO (ConvNeXt-B) + ViT-B/16 + ResNet-18 + Xception,"['clip', 'dino', 'vit', 'resnet', 'xception']",mean,0.9925981998050688,0.9635865176468992,0.9037775900221384,0.8166334152253129,0.8244745495199264,0.8360075309118261,0.739385645270326,0.7451960278565901,-0.0677700591103122,0.7915712962016512,0.7419702135295173,0.6781177572152456,0.7158790482485129,0.7007722007722008,0.3564646464646465
2024,5,CLIP ViT-B/16 + DINO (ConvNeXt-B) + ViT-B/16 + ResNet-18 + Xception,"['clip', 'dino', 'vit', 'resnet', 'xception']",stacking,0.9954453441802024,0.9737247477317916,0.9210325918368056,0.8285819496886456,0.8327048613159829,0.8541935992390646,0.7544119990986387,0.7507780516916349,-0.0668389925977409,0.8091201451612918,0.7517495065494347,0.6902376074025115,0.727759418374091,0.7104247104247104,0.4356565656565656
2024,5,CLIP ViT-B/16 + DINO (ConvNeXt-B) + ViT-B/16 + MobileNetV3 + Xception,"['clip', 'dino', 'vit', 'mobilenet', 'xception']",geometric,0.9915643498976184,0.9572891431363368,0.914041179531106,0.8235145399484465,0.8309244370027538,0.8547978217879738,0.7603587858002605,0.7655806451612903,-0.0592433577431321,0.8304930223070806,0.7828817513009151,0.7015188734669899,0.7392597488433577,0.6698841698841699,0.1584848484848484
2024,5,CLIP ViT-B/16 + DINO (ConvNeXt-B) + ViT-B/16 + MobileNetV3 + Xception,"['clip', 'dino', 'vit', 'mobilenet', 'xception']",mean,0.9912761903054133,0.9579202377801754,0.9003562679229794,0.8142481052174534,0.8216018200340992,0.830334626702601,0.7367969793401375,0.7421121504386178,-0.0700216412203783,0.8154458287134896,0.7680782343441593,0.6926138283028568,0.7331460674157304,0.7007722007722008,0.3762626262626262
2024,5,CLIP ViT-B/16 + DINO (ConvNeXt-B) + ViT-B/16 + MobileNetV3 + Xception,"['clip', 'dino', 'vit', 'mobilenet', 'xception']",stacking,0.9952820622188416,0.9729104320623224,0.9197531272300844,0.8205521388096534,0.8220708446866485,0.8524547875740298,0.745579756742348,0.7361328826389562,-0.0672983396560547,0.829015062814092,0.7640409115377714,0.7023797091870456,0.7413417052214144,0.7142857142857143,0.5247474747474747
2024,5,CLIP ViT-B/16 + DINO (ConvNeXt-B) + ResNet-18 + MobileNetV3 + Xception,"['clip', 'dino', 'resnet', 'mobilenet', 'xception']",geometric,0.9933495017041089,0.963606875538636,0.9176124404248552,0.8289831654272948,0.8374226717940144,0.849231055110489,0.7593914711426955,0.7702328217832175,-0.0683813853143663,0.8053434666110058,0.7600933070159699,0.7103990232797239,0.7476536682088566,0.6737451737451737,0.1683838383838383
2024,5,CLIP ViT-B/16 + DINO (ConvNeXt-B) + ResNet-18 + MobileNetV3 + Xception,"['clip', 'dino', 'resnet', 'mobilenet', 'xception']",mean,0.9927868867937784,0.963192931739989,0.9016757565217056,0.8150670250127785,0.8239799121155054,0.8239665123735216,0.7354394411559411,0.74509367817918,-0.0777092441481839,0.7930180146977824,0.7435851426520725,0.69833645443196,0.7398711169861203,0.7104247104247104,0.396060606060606
2024,5,CLIP ViT-B/16 + DINO (ConvNeXt-B) + ResNet-18 + MobileNetV3 + Xception,"['clip', 'dino', 'resnet', 'mobilenet', 'xception']",stacking,0.9956357858313496,0.9736026003813713,0.921003488598484,0.8313025221630475,0.8363283457932962,0.8520378933795689,0.7570721144069427,0.7557984066122277,-0.0689655952189149,0.8106677785858132,0.7559662659249955,0.6978682896379527,0.7366490416391276,0.7239382239382239,0.4059595959595959
2024,5,CLIP ViT-B/16 + ViT-B/16 + ResNet-18 + MobileNetV3 + Xception,"['clip', 'vit', 'resnet', 'mobilenet', 'xception']",geometric,0.9856164880761,0.9415389208960186,0.8962263436573092,0.8020412537717028,0.8105432587106548,0.8296570449375772,0.7379016966479249,0.7494535978480161,-0.066569298719732,0.7977303936466487,0.7556971110712363,0.6850219211280018,0.7196298744216787,0.6737451737451737,0.1782828282828283
2024,5,CLIP ViT-B/16 + ViT-B/16 + ResNet-18 + MobileNetV3 + Xception,"['clip', 'vit', 'resnet', 'mobilenet', 'xception']",mean,0.985206112851588,0.9430454048845368,0.8851622110779135,0.7993316735093187,0.8127035914167141,0.8111245987991211,0.7242933381699066,0.7406338865622253,-0.0740376122787923,0.7805324038616085,0.7367665530235062,0.674163655724462,0.7153502974223397,0.696911196911197,0.3564646464646465
2024,5,CLIP ViT-B/16 + ViT-B/16 + ResNet-18 + MobileNetV3 + Xception,"['clip', 'vit', 'resnet', 'mobilenet', 'xception']",stacking,0.9891152945630308,0.9535297191289536,0.9002641198533053,0.8117968419374872,0.8198637523343592,0.8284482750433708,0.7337961054592821,0.7408576549584013,-0.0718158448099345,0.7809955353686648,0.7328189485017046,0.6772644855695087,0.7197455386649041,0.722007722007722,0.5346464646464646
2024,5,DINO (ConvNeXt-B) + ViT-B/16 + ResNet-18 + MobileNetV3 + Xception,"['dino', 'vit', 'resnet', 'mobilenet', 'xception']",geometric,0.990438231625719,0.9551447785400676,0.8967439877153659,0.8102799166790329,0.8217058267521319,0.8313627311994393,0.7433373454907198,0.7584555305557711,-0.0653812565159266,0.7755738881630239,0.7359590884622286,0.6808914224865975,0.7190185062789161,0.6640926640926641,0.1485858585858586
2024,5,DINO (ConvNeXt-B) + ViT-B/16 + ResNet-18 + MobileNetV3 + Xception,"['dino', 'vit', 'resnet', 'mobilenet', 'xception']",mean,0.9891070745676906,0.9530207718355354,0.8813767405444785,0.7951216563065069,0.8063804037875207,0.8054896892837083,0.7207593420061886,0.7329699842852413,-0.0758870512607701,0.7660377365858725,0.722321909205096,0.6785787985606228,0.71977858559154,0.7007722007722008,0.3564646464646465
2024,5,DINO (ConvNeXt-B) + ViT-B/16 + ResNet-18 + MobileNetV3 + Xception,"['dino', 'vit', 'resnet', 'mobilenet', 'xception']",stacking,0.9939459972058589,0.9697821026987778,0.9025557354646248,0.8146987859101826,0.819523475598332,0.8313745731769466,0.7359121062727058,0.7352996264997852,-0.0711811622876781,0.7803192654148203,0.7294993719720079,0.686922266284791,0.727792465300727,0.722007722007722,0.4257575757575757
2024,6,CLIP ViT-B/16 + DINO (ConvNeXt-B) + ViT-B/16 + ResNet-18 + MobileNetV3 + Xception,"['clip', 'dino', 'vit', 'resnet', 'mobilenet', 'xception']",geometric,0.9924163623651194,0.9598949532786384,0.9134574091514028,0.8211622065766404,0.8286203355015406,0.8506236433352129,0.7555002280883993,0.7630345385975753,-0.06283376581619,0.8080486440544983,0.7601830253005563,0.7010515164867446,0.7357567746199604,0.667953667953668,0.1584848484848484
2024,6,CLIP ViT-B/16 + DINO (ConvNeXt-B) + ViT-B/16 + ResNet-18 + MobileNetV3 + Xception,"['clip', 'dino', 'vit', 'resnet', 'mobilenet', 'xception']",mean,0.992189902011156,0.960770342623318,0.9004546827104902,0.8135720841783596,0.8225625895818294,0.8282461042349732,0.7348238772829451,0.7440614490170492,-0.0722085784755169,0.7936119841505311,0.7448411986362821,0.6907302269222295,0.7301718440185061,0.7181467181467182,0.3663636363636363
2024,6,CLIP ViT-B/16 + DINO (ConvNeXt-B) + ViT-B/16 + ResNet-18 + MobileNetV3 + Xception,"['clip', 'dino', 'vit', 'resnet', 'mobilenet', 'xception']",stacking,0.995638267513014,0.973677245984406,0.920985859934912,0.830917794742425,0.835899077185683,0.8526154864530644,0.7569292156507115,0.7554493878769782,-0.0683703734818474,0.8108648897503593,0.7556971110712363,0.6975524344569288,0.7364011896893589,0.7239382239382239,0.4059595959595959
2024,6,CLIP ViT-B/16 + DINO (ConvNeXt-B) + ViT-B/16 + ResNet-18 + MobileNetV3 + Xception,"['clip', 'dino', 'vit', 'resnet', 'mobilenet', 'xception']",max,0.990527445244034,0.9597456620725692,0.8881774464280497,0.8005737934673284,0.808238073343586,0.8076083760735226,0.7220399347062606,0.725132341271998,-0.0805690703545271,0.7500819506670164,0.7008792391889467,0.6480985165601821,0.6863516192994052,0.5482625482625483,0.9504040404040404
7,1,CLIP ViT-B/16,['clip'],single,0.9762874554855876,0.9211131695201644,0.8982609795020022,0.8083727678939472,0.8142599912633048,0.8387574483051753,0.7382534474324941,0.730971291703856,-0.0595035311968269,0.7884014577439646,0.7406244392607213,0.6466949401483439,0.6832121612690019,0.6891891891891891,0.449030190706253
7,1,DINO (ConvNeXt-B),['dino'],single,0.9969359153499396,0.9799949783867048,0.933504581652564,0.8274827284868671,0.82996300128385,0.8434387863144913,0.7453818969260279,0.7442687201567718,-0.0900657953380726,0.7822143247585582,0.7282433159877983,0.693554417272527,0.7363516192994052,0.7104247104247104,0.2450850009918213
7,1,ViT-B/16,['vit'],single,0.945973208760184,0.8766311760754056,0.8215154624896361,0.7359450829087592,0.7468170320404722,0.7658208110627932,0.6881454489494193,0.7025077202971725,-0.0556946514268429,0.7526295726039629,0.7221424726359232,0.6046574869648234,0.6411764705882352,0.6814671814671814,0.1052105352282524
7,1,ResNet-18,['resnet'],single,0.9690998026192263,0.910608497384011,0.8342265433860934,0.7342742666820558,0.7351839274368468,0.748056567104541,0.6556689585428723,0.6491768395117035,-0.0861699762815523,0.6988790958126554,0.6636461510855912,0.6524346405228758,0.700941837409121,0.6911196911196911,0.451810210943222
7,1,MobileNetV3,['mobilenet'],single,0.9497430372591208,0.8739914361135428,0.828400209500339,0.7336916794451132,0.7368832607491556,0.7357561651210942,0.6604725551946445,0.666191155492154,-0.0926440443792447,0.7475305537762831,0.7088641665171362,0.6757152823676287,0.7383344348975547,0.7046332046332047,0.6084195971488953
7,1,Xception,['xception'],single,0.8441974614612141,0.761072996613804,0.7460334929615369,0.6847268710118881,0.7367280905064598,0.6770535396428299,0.6422584598811741,0.7009775997353865,-0.0689799533187069,0.6916108290797578,0.6684012201686704,0.5697919879562312,0.5932088565763384,0.6718146718146718,0.3414177894592285
7,2,CLIP ViT-B/16 + DINO (ConvNeXt-B),"['clip', 'dino']",geometric,0.9967641890755974,0.9747901440660138,0.9385993666922434,0.8500552358653893,0.8569345974745144,0.8746690962358594,0.7743298872748657,0.7775634913755742,-0.063930270456384,0.8113871513525089,0.7741790776960344,0.7038544099287656,0.7451916721744878,0.6853281853281853,0.1386868686868687
7,2,CLIP ViT-B/16 + DINO (ConvNeXt-B),"['clip', 'dino']",mean,0.9966819824118396,0.9795335328406723,0.9328936944793688,0.8351717807933079,0.837798955076963,0.8671624770799803,0.7566873869863202,0.7509983688621408,-0.0657312173993883,0.8042419774014995,0.7476224654584605,0.6988761474627304,0.7421348314606742,0.7335907335907336,0.4851515151515151
7,2,CLIP ViT-B/16 + DINO (ConvNeXt-B),"['clip', 'dino']",stacking,0.9972785481806116,0.982811153410286,0.935334629116962,0.8492692927061177,0.8547966093618463,0.8655405139411816,0.7653272656322995,0.7673894094573981,-0.0697941151757803,0.8012851960338383,0.7521083796877803,0.7018082176690902,0.7457865168539326,0.7181467181467182,0.2871717171717172
7,2,CLIP ViT-B/16 + ViT-B/16,"['clip', 'vit']",geometric,0.9739673699491376,0.9157929738129652,0.8845925829874748,0.7880591600850797,0.7948415105180835,0.8301489356677388,0.734620521360616,0.7367761138701571,-0.0544436473197359,0.798069700160953,0.7609007715772474,0.647781339502093,0.6830964970257766,0.6833976833976834,0.1584848484848484
7,2,CLIP ViT-B/16 + ViT-B/16,"['clip', 'vit']",mean,0.9759516419112076,0.9243568602702172,0.8905057050615216,0.8009695130999687,0.8064231610120114,0.8328974382208525,0.7339499964275311,0.7278257887131507,-0.0576082668406691,0.7908490434055576,0.7419702135295173,0.6453013512521114,0.6805188367481825,0.6891891891891891,0.4059595959595959
7,2,CLIP ViT-B/16 + ViT-B/16,"['clip', 'vit']",stacking,0.9771670617070964,0.9265894423973452,0.8944835068017531,0.8069053075895728,0.8116243532344978,0.8370669061997629,0.7382974162805652,0.7300680272108844,-0.0574166006019902,0.7925156692311295,0.7467252826125964,0.6490490930454579,0.6858559153998678,0.6891891891891891,0.5445454545454546
7,2,CLIP ViT-B/16 + ResNet-18,"['clip', 'resnet']",geometric,0.9843833130596008,0.9349429639733176,0.8987016211287948,0.7963857606885522,0.8005083276343918,0.8328076068262513,0.7272172665666375,0.7220959270748177,-0.0658940143025434,0.7801288092334588,0.735151623900951,0.6782430417860028,0.7236120290812954,0.6988416988416989,0.2772727272727273
7,2,CLIP ViT-B/16 + ResNet-18,"['clip', 'resnet']",mean,0.9861697528711452,0.9463908850932732,0.8991515239602745,0.8111153247923846,0.8168314457028648,0.8279165118516861,0.7294431895002391,0.725520917550893,-0.0712350121085884,0.7749204631881315,0.732011483940427,0.6781993464052287,0.7251817580964971,0.7162162162162162,0.4851515151515151
7,2,CLIP ViT-B/16 + ResNet-18,"['clip', 'resnet']",stacking,0.9861748700933688,0.946363741237624,0.8996377970713886,0.8127476682770257,0.8183417755265262,0.8288390590043999,0.7317185773879207,0.7271507705378952,-0.0707987380669886,0.7758406895304553,0.7340750044859142,0.677939377249027,0.7250165234633179,0.7142857142857143,0.5742424242424242
7,2,CLIP ViT-B/16 + MobileNetV3,"['clip', 'mobilenet']",geometric,0.9789409176824194,0.9255647618465964,0.8967164778317962,0.8047178573980335,0.8133513340302475,0.8325893880506191,0.7414631733416874,0.7462098732128406,-0.0641270897811771,0.8010733755666052,0.7629642921227346,0.6966017845340383,0.75150363516193,0.6776061776061776,0.297070707070707
7,2,CLIP ViT-B/16 + MobileNetV3,"['clip', 'mobilenet']",mean,0.9790193890740024,0.9321335749136486,0.8939307445356135,0.8124288941285099,0.8204394309285293,0.8211134489713612,0.7352580696576475,0.7394256100661593,-0.0728172955642523,0.7968290908873169,0.7561457024941683,0.7000629727546449,0.7572042300066093,0.7084942084942085,0.495050505050505
7,2,CLIP ViT-B/16 + MobileNetV3,"['clip', 'mobilenet']",stacking,0.979656041172151,0.9314549785224242,0.8971528181293895,0.8168422672536508,0.8247537612864888,0.8269770369410655,0.7453983852440546,0.7459777804586482,-0.070175781188324,0.7976639251715643,0.761259644715593,0.6932761621502532,0.7462326503635162,0.7065637065637066,0.5148484848484849
7,2,CLIP ViT-B/16 + Xception,"['clip', 'xception']",geometric,0.9642932621498072,0.9074530241648175,0.8865929234827664,0.8090872616751031,0.8236428992100079,0.8267161206545668,0.749168713966155,0.7613849065679539,-0.0598768028281996,0.7834855079035979,0.7591064058855195,0.6477398472497613,0.6901685393258425,0.6698841698841699,0.2673737373737374
7,2,CLIP ViT-B/16 + Xception,"['clip', 'xception']",mean,0.9628973869598804,0.9165190719515752,0.8717463850646745,0.8022061369519695,0.8102058897983293,0.8050205018828132,0.7293002907440078,0.7296272101972366,-0.0667258831818613,0.7775727099218444,0.7517495065494347,0.6463708232356613,0.6898545935228023,0.693050193050193,0.495050505050505
7,2,CLIP ViT-B/16 + Xception,"['clip', 'xception']",stacking,0.9715512875822826,0.9216356887414072,0.887882758788756,0.8099501503184994,0.8167096900724595,0.8255285558273535,0.7406387574403535,0.7355087491172415,-0.0623542029614024,0.7832445942580416,0.747981338596806,0.6494696702651098,0.6912921348314607,0.6891891891891891,0.5247474747474747
7,2,DINO (ConvNeXt-B) + ViT-B/16,"['dino', 'vit']",geometric,0.9939611063410636,0.9668166364691272,0.9169655188213708,0.835627957592046,0.8451657994874583,0.8428713381265023,0.7619031915887594,0.7771037534408685,-0.0740941806948685,0.7975984655203368,0.7588372510317603,0.6778511786737167,0.7170852610707205,0.6756756756756757,0.0693939393939393
7,2,DINO (ConvNeXt-B) + ViT-B/16,"['dino', 'vit']",mean,0.9943930830668344,0.9725575619388857,0.9066191298213496,0.78681704012707,0.780885991571669,0.8323529418992897,0.7190940218854941,0.7058214092484085,-0.07426618792206,0.7850288456910514,0.7119145881930737,0.6737258206653449,0.713218770654329,0.6872586872586872,0.4554545454545454
7,2,DINO (ConvNeXt-B) + ViT-B/16,"['dino', 'vit']",stacking,0.9961199432501214,0.9804632098966498,0.9186650991581328,0.8243224675317538,0.8262750554371929,0.8405381584572629,0.7443101562542939,0.742471546875692,-0.0781269407008699,0.7870356241412589,0.7329086667862911,0.6879094147022105,0.7310971579643093,0.7065637065637066,0.2772727272727273
7,2,DINO (ConvNeXt-B) + ResNet-18,"['dino', 'resnet']",geometric,0.9958624709822652,0.9739147547213344,0.9224250825608644,0.835424601669717,0.8431331461380496,0.8308639130439598,0.7525653074796507,0.7630601138911403,-0.0915611695169047,0.7735460383112901,0.7373048627310246,0.6978046926635822,0.7415399867812293,0.6814671814671814,0.1386868686868687
7,2,DINO (ConvNeXt-B) + ResNet-18,"['dino', 'resnet']",mean,0.994836939904124,0.974511919545612,0.9055033182588332,0.8034207763799348,0.8036560261301567,0.8126644713180702,0.7181706760760002,0.7110707926705583,-0.092838846940763,0.7526331848442245,0.7056343082720259,0.6949468678857311,0.7412590879048249,0.7142857142857143,0.4752525252525252
7,2,DINO (ConvNeXt-B) + ResNet-18,"['dino', 'resnet']",stacking,0.9961174579256918,0.9805582133914212,0.916557361958488,0.8329843306017687,0.8371350169360717,0.8244443709117497,0.7451675487916811,0.7464676290463692,-0.0921129910467382,0.7627471484210622,0.7304862731024583,0.6974983109348608,0.7416060806345008,0.7162162162162162,0.2376767676767676
7,2,DINO (ConvNeXt-B) + MobileNetV3,"['dino', 'mobilenet']",geometric,0.9956760222809936,0.9741454774943508,0.9222975829977929,0.8370404568363314,0.8449624563384995,0.8337358983674016,0.757154555997076,0.7685910159789252,-0.0885616846303911,0.7884628332857071,0.7566840122016867,0.7152050011015643,0.7621943159286186,0.6776061776061776,0.1683838383838383
7,2,DINO (ConvNeXt-B) + MobileNetV3,"['dino', 'mobilenet']",mean,0.9947122584074226,0.9764798490801626,0.8986699526164923,0.8060644033702122,0.8068489101518452,0.8056156688490832,0.7279372564538025,0.7260855370551746,-0.0930542837674091,0.7783431259214264,0.7303068365332854,0.7185090328266138,0.7698446794448116,0.7374517374517374,0.495050505050505
7,2,DINO (ConvNeXt-B) + MobileNetV3,"['dino', 'mobilenet']",stacking,0.9960667653022396,0.980883939659209,0.9098875043134472,0.8294997993921307,0.8330283327592146,0.8180671357937601,0.7461238712372285,0.7476343451561441,-0.0918203685196871,0.7797365231953174,0.740086129553203,0.7116024454725711,0.7562954395241241,0.7200772200772201,0.2772727272727273
7,2,DINO (ConvNeXt-B) + Xception,"['dino', 'xception']",geometric,0.9938435100225068,0.9747697861742772,0.9222553865131417,0.8460101018428443,0.8558210859989297,0.8292169766443326,0.762996916684529,0.7771841349234235,-0.093038409868809,0.7798267315737428,0.7518392248340212,0.6877679004185944,0.7279576999339061,0.6737451737451737,0.1584848484848484
7,2,DINO (ConvNeXt-B) + Xception,"['dino', 'xception']",mean,0.9917332049061538,0.976045547389779,0.8804024425211999,0.8081474275475825,0.810340612112947,0.7902184841577455,0.7254420243257652,0.7233651380820795,-0.0901839583634543,0.7644541272009079,0.7136192356002153,0.6791295072336051,0.7233807005948447,0.7355212355212355,0.4851515151515151
7,2,DINO (ConvNeXt-B) + Xception,"['dino', 'xception']",stacking,0.99469153327876,0.980273202907107,0.9009266936170196,0.827587154501036,0.830404930529275,0.8111603908053382,0.7438649716675735,0.7435181974782747,-0.0897663028116813,0.7762733447942232,0.7290507805490759,0.69184442241316,0.7366986120290815,0.7181467181467182,0.2772727272727273
7,2,ViT-B/16 + ResNet-18,"['vit', 'resnet']",geometric,0.9730473136969144,0.9134382443354166,0.8548467461889828,0.7561597608094665,0.7614910705645812,0.7829293939247902,0.6949881009304908,0.7036641498552922,-0.0719173522641926,0.7612056004823871,0.7222321909205096,0.6423329294264521,0.684137475214805,0.6737451737451737,0.1683838383838383
7,2,ViT-B/16 + ResNet-18,"['vit', 'resnet']",mean,0.9761220590908029,0.925021884733617,0.8558016052719389,0.7537030014234914,0.7546093232358079,0.7798131007719733,0.6794176326072977,0.6738317182144036,-0.0759885044999656,0.7426658912390905,0.6874214965009869,0.6470694352647426,0.6866655651024456,0.7065637065637066,0.4059595959595959
7,2,ViT-B/16 + ResNet-18,"['vit', 'resnet']",stacking,0.9765977257992696,0.9246418707545312,0.8551291592417399,0.7528675933101397,0.7542882747993158,0.7773295792765795,0.6771367486136073,0.6723228131240447,-0.0777995799651604,0.7388774322295727,0.6840122016867037,0.6509029521921128,0.6930601454064771,0.7065637065637066,0.5445454545454546
7,2,ViT-B/16 + MobileNetV3,"['vit', 'mobilenet']",geometric,0.9658055277113136,0.9009588567008,0.8495160882080252,0.7491467295421194,0.7547078550238617,0.7798071871312747,0.6929875183432538,0.703660477453581,-0.0697089010767504,0.776178596708442,0.7346133141934327,0.6543877138870529,0.6999669530733642,0.6776061776061776,0.207979797979798
7,2,ViT-B/16 + MobileNetV3,"['vit', 'mobilenet']",mean,0.966093746929832,0.9053900911354952,0.8491236510580805,0.75802843685249,0.7663560329455719,0.7727139141706822,0.6884807114159618,0.700593741416105,-0.0764097368873982,0.7682830856068725,0.7235779651893056,0.6616316002056253,0.7095009914077992,0.6988416988416989,0.4059595959595959
7,2,ViT-B/16 + MobileNetV3,"['vit', 'mobilenet']",stacking,0.9661006627193994,0.9052679437850748,0.849048804694398,0.7581988161387657,0.7669225512166437,0.7722807013041645,0.6887005556563175,0.7014484808872209,-0.0767681033902335,0.7683425411290165,0.7235779651893056,0.6628353895865462,0.7111202908129544,0.6988416988416989,0.5445454545454546
7,2,ViT-B/16 + Xception,"['vit', 'xception']",geometric,0.947299745258253,0.879535568629846,0.8277403938507428,0.7432549039005865,0.7588705930934806,0.7655634469126089,0.6913331904345771,0.7144244606145663,-0.0621769469381339,0.7665274229402576,0.7319217656558407,0.6159109568921202,0.6483641771315267,0.6795366795366795,0.1782828282828283
7,2,ViT-B/16 + Xception,"['vit', 'xception']",mean,0.9380050015364396,0.8701437945753004,0.8116300380462907,0.7300202806311729,0.7424067625959643,0.7481867713693969,0.6718879673751147,0.6831280088746875,-0.0634432666768938,0.7512911074162123,0.7100305042167594,0.6154106998604686,0.6490251156642434,0.6853281853281853,0.396060606060606
7,2,ViT-B/16 + Xception,"['vit', 'xception']",stacking,0.944675212272292,0.881761364793062,0.8196301093014313,0.738209478584423,0.7468833363446026,0.7590654566347184,0.6795275547274756,0.6898143961357797,-0.0605646526667129,0.7559971405375918,0.7186434595370537,0.6142394433428802,0.6471414408460013,0.694980694980695,0.4257575757575757
7,2,ResNet-18 + MobileNetV3,"['resnet', 'mobilenet']",geometric,0.975025040281112,0.9174148191879916,0.8527583901331925,0.7577591276580543,0.7662758448803406,0.7586997375690878,0.6805168538090762,0.6926456825307862,-0.0940586525641047,0.7451870722281759,0.6977390992284227,0.6888370052140707,0.7440515532055519,0.6814671814671814,0.3366666666666666
7,2,ResNet-18 + MobileNetV3,"['resnet', 'mobilenet']",mean,0.976683307580767,0.926440151191276,0.8529000641564253,0.7632332492429114,0.7708112766874332,0.7577907165804749,0.6813687502404546,0.6886332388072527,-0.0951093475759503,0.7470643469835988,0.6978288175130092,0.6910493867959169,0.747191011235955,0.7104247104247104,0.4851515151515151
7,2,ResNet-18 + MobileNetV3,"['resnet', 'mobilenet']",stacking,0.9770912453161072,0.9258090565474372,0.8529615077292358,0.7637773637377918,0.7733146274828324,0.7585570345711385,0.6827043040006155,0.6923195813103239,-0.0944044731580973,0.743329420723904,0.69307374842993,0.6881690166703385,0.7424983476536683,0.7065637065637066,0.495050505050505
7,2,ResNet-18 + Xception,"['resnet', 'xception']",geometric,0.958224894782478,0.896642983652613,0.8318578740306206,0.7501195403056934,0.7683489160064199,0.7407616107771264,0.6800496847983204,0.702704635058117,-0.0910962632534941,0.720245529502842,0.6823075542795621,0.644618381434971,0.6909781890284202,0.6737451737451737,0.297070707070707
7,2,ResNet-18 + Xception,"['resnet', 'xception']",mean,0.9598187216631436,0.9083487714012336,0.8264160457176183,0.7440573353778848,0.7527082713794129,0.7347256561430113,0.6656938559030927,0.6691110071480639,-0.0916903895746069,0.7233696942739776,0.6797057240265566,0.6459706616729088,0.691804362194316,0.7065637065637066,0.4851515151515151
7,2,ResNet-18 + Xception,"['resnet', 'xception']",stacking,0.9669914339201175,0.91275286198028,0.8358680265408146,0.7433483377027376,0.7490798106424936,0.7448487804146949,0.6629293145806197,0.6640114390274635,-0.0910192461261196,0.7176793582240117,0.6730665709671632,0.6538763677755747,0.7035194976867152,0.7046332046332047,0.5049494949494949
7,2,MobileNetV3 + Xception,"['mobilenet', 'xception']",geometric,0.9364092463868202,0.8628760272252872,0.8183224726834475,0.7435297092010311,0.7736998312350876,0.7251281599309368,0.6790548896107108,0.723014092390299,-0.0931943127525106,0.7463807711924685,0.7096716310784138,0.6422475214805023,0.6866159947124918,0.6621621621621622,0.3168686868686868
7,2,MobileNetV3 + Xception,"['mobilenet', 'xception']",mean,0.9378215308915104,0.8703948752400534,0.8162213234783704,0.7447278603109697,0.7680112682809878,0.7251720731435686,0.6764002704084157,0.7052267948332833,-0.0910492503348018,0.7475736565891347,0.7126323344697649,0.6476055665711978,0.6934897554527429,0.6776061776061776,0.4554545454545454
7,2,MobileNetV3 + Xception,"['mobilenet', 'xception']",stacking,0.9479389187250332,0.8786805371769033,0.8270517984007494,0.7474099600433093,0.766276432356561,0.7326112376470224,0.6754824207049306,0.7031945107698494,-0.0944405607537269,0.7506859920869808,0.7169388121299121,0.6680681868252918,0.7279246530072703,0.6872586872586872,0.5049494949494949
7,3,CLIP ViT-B/16 + DINO (ConvNeXt-B) + ViT-B/16,"['clip', 'dino', 'vit']",geometric,0.9943058887866012,0.965167647238452,0.925963514690576,0.835067354779139,0.8418656366424442,0.863724896328173,0.7674157859156787,0.772557239600129,-0.0622386183624029,0.814468245853498,0.7757042885340032,0.6915973782771536,0.7280568407138137,0.6795366795366795,0.1188888888888888
7,3,CLIP ViT-B/16 + DINO (ConvNeXt-B) + ViT-B/16,"['clip', 'dino', 'vit']",mean,0.99471838927697,0.9690492185962556,0.9219180755227652,0.8368755736560647,0.8440308154750018,0.8577832868322262,0.7636014883455072,0.7679918010680188,-0.064134788690539,0.8033884147904903,0.7589269693163466,0.6847441800690313,0.7223231989424983,0.7046332046332047,0.3366666666666666
7,3,CLIP ViT-B/16 + DINO (ConvNeXt-B) + ViT-B/16,"['clip', 'dino', 'vit']",stacking,0.9972320406149632,0.9825193569620596,0.9330546369556943,0.8357763524542862,0.8388905663632834,0.8641816945993186,0.7540767366320962,0.752079166228024,-0.0688729423563757,0.802641608523429,0.7455589449129733,0.7007701035470368,0.7438202247191011,0.722007722007722,0.3762626262626262
7,3,CLIP ViT-B/16 + DINO (ConvNeXt-B) + ResNet-18,"['clip', 'dino', 'resnet']",geometric,0.9962996688449278,0.973907968757422,0.9324313247152024,0.8414318455374368,0.8480094404728665,0.8619200016888424,0.7641895716884587,0.7682777318707907,-0.0705113230263601,0.8010604235699914,0.7613493630001794,0.7079466475728868,0.7504626569729015,0.6737451737451737,0.1683838383838383
7,3,CLIP ViT-B/16 + DINO (ConvNeXt-B) + ResNet-18,"['clip', 'dino', 'resnet']",mean,0.9961818822398254,0.9733515197166182,0.9244677741587076,0.8299339917668332,0.8344382199821292,0.8490087310567092,0.744914727915272,0.7436480933233176,-0.0754590431019983,0.7886226342389023,0.7415216221065853,0.7045915767055886,0.7492068737607404,0.7123552123552124,0.4158585858585858
7,3,CLIP ViT-B/16 + DINO (ConvNeXt-B) + ResNet-18,"['clip', 'dino', 'resnet']",stacking,0.997363713440677,0.9827840095546372,0.9325075943786458,0.8344133181640807,0.8372831558253581,0.8584946014190671,0.7492126828142261,0.7460174331229336,-0.0740129929595787,0.7943606290804281,0.7398169746994437,0.7051534478960124,0.7489920687376074,0.7181467181467182,0.4455555555555555
7,3,CLIP ViT-B/16 + DINO (ConvNeXt-B) + MobileNetV3,"['clip', 'dino', 'mobilenet']",geometric,0.9959182761306916,0.9718043199446266,0.9319309876117484,0.8418055807460414,0.8486960727108336,0.8650732843338751,0.7675916613079633,0.7725507492711684,-0.0668577032778732,0.8119862788240095,0.7760631616723488,0.722780458250716,0.7665399867812294,0.6737451737451737,0.1881818181818181
7,3,CLIP ViT-B/16 + DINO (ConvNeXt-B) + MobileNetV3,"['clip', 'dino', 'mobilenet']",mean,0.9954640237045294,0.9697685307709534,0.9201701212098996,0.8360016928006507,0.8434576865166594,0.8447505662476146,0.7583966759550859,0.7653329774456159,-0.075419554962285,0.804245215400653,0.7600035887313834,0.7243597341558345,0.7721083939193656,0.7123552123552124,0.4059595959595959
7,3,CLIP ViT-B/16 + DINO (ConvNeXt-B) + MobileNetV3,"['clip', 'dino', 'mobilenet']",stacking,0.9972935079624468,0.9830758060028636,0.9296526468486934,0.834605681874392,0.8377289713074754,0.8553802755073383,0.7524883619955262,0.7507609886764884,-0.0742723713413551,0.8017730762680924,0.7455589449129733,0.7132539839906,0.7574355584930601,0.7335907335907336,0.4356565656565656
7,3,CLIP ViT-B/16 + DINO (ConvNeXt-B) + Xception,"['clip', 'dino', 'xception']",geometric,0.9950957284563954,0.9714718077129266,0.9326676230409516,0.8482085442464015,0.8565477550850803,0.8652763674125836,0.7734560064194518,0.7808584051506435,-0.0673912556283679,0.8065595549563792,0.7760631616723488,0.7035693251083205,0.7444811632518176,0.6718146718146718,0.1782828282828283
7,3,CLIP ViT-B/16 + DINO (ConvNeXt-B) + Xception,"['clip', 'dino', 'xception']",mean,0.9940205843553468,0.9672712960512476,0.911177951669208,0.8395082084343243,0.8488913037853502,0.8376164668132949,0.7628814984583423,0.7717989812596201,-0.0735614848559131,0.7962806812216517,0.7574017584783779,0.6960892634207241,0.7400363516192994,0.7046332046332047,0.396060606060606
7,3,CLIP ViT-B/16 + DINO (ConvNeXt-B) + Xception,"['clip', 'dino', 'xception']",stacking,0.997037391857697,0.9828315113020228,0.9285654207027284,0.842190308166664,0.8467405750764616,0.8569134483289312,0.758385683743068,0.7586430293014752,-0.0716519723737972,0.8004655754642063,0.7451103534900413,0.7028287802012191,0.7469101123595505,0.7316602316602316,0.3564646464646465
7,3,CLIP ViT-B/16 + ViT-B/16 + ResNet-18,"['clip', 'vit', 'resnet']",geometric,0.9823571316600772,0.9316246276202304,0.8917104129631825,0.7896969996757297,0.7945557046979865,0.8291263997617481,0.7299982962071373,0.7306393244873342,-0.0625840132014344,0.7944752933017057,0.7519289431186076,0.6664789234045678,0.7074686054196959,0.6814671814671814,0.1881818181818181
7,3,CLIP ViT-B/16 + ViT-B/16 + ResNet-18,"['clip', 'vit', 'resnet']",mean,0.985180502487322,0.941796787524684,0.895622953352833,0.8112912001846692,0.8210535093525405,0.8271847239159507,0.7365056857216662,0.7430347858712547,-0.0684382294368823,0.7819545851581249,0.7384712004306477,0.6676266798854373,0.7090548578982154,0.696911196911197,0.3465656565656566
7,3,CLIP ViT-B/16 + ViT-B/16 + ResNet-18,"['clip', 'vit', 'resnet']",stacking,0.9864277498889024,0.9465876780467282,0.8988543996070908,0.8125333201426789,0.8197913089420156,0.829119509385448,0.7328177985896992,0.7335704616328969,-0.0697348902216428,0.7801240579985201,0.735151623900951,0.676129213483146,0.7208526107072042,0.7104247104247104,0.4851515151515151
7,3,CLIP ViT-B/16 + ViT-B/16 + MobileNetV3,"['clip', 'vit', 'mobilenet']",geometric,0.978632848557488,0.9245875830432334,0.8890607650929155,0.7910985067079974,0.7984452139421675,0.8289955985754697,0.7348898305550517,0.7404378053767838,-0.0600651665174458,0.8048710441616548,0.7640409115377714,0.6788396489682016,0.7217118307997356,0.6776061776061776,0.198080808080808
7,3,CLIP ViT-B/16 + ViT-B/16 + MobileNetV3,"['clip', 'vit', 'mobilenet']",mean,0.9799120899816084,0.9315974837645812,0.8912007728513996,0.8007606610716308,0.807934598899032,0.8226415625643506,0.7330980999961527,0.7365685891593976,-0.068559210287049,0.7970654810968703,0.75336443567199,0.6823791951237423,0.7246364838070058,0.7104247104247104,0.396060606060606
7,3,CLIP ViT-B/16 + ViT-B/16 + MobileNetV3,"['clip', 'vit', 'mobilenet']",stacking,0.9809583575960183,0.9337689922164992,0.8965725286283903,0.8115934860151582,0.8182608603450287,0.8293485354830218,0.741485157765723,0.7411679249851423,-0.0672239931453685,0.8000105959047673,0.7541719002332675,0.687173790115297,0.7320555188367481,0.7142857142857143,0.5346464646464646
7,3,CLIP ViT-B/16 + ViT-B/16 + Xception,"['clip', 'vit', 'xception']",geometric,0.971968620104712,0.914673289767445,0.8823844564111757,0.7868500167631233,0.7947998899447607,0.8254144528185694,0.7324055906390322,0.7376102093168639,-0.0569700035926062,0.8003425965817859,0.7670016149291226,0.6509532569582139,0.6853436880370125,0.6795366795366795,0.207979797979798
7,3,CLIP ViT-B/16 + ViT-B/16 + Xception,"['clip', 'vit', 'xception']",mean,0.9707068855221388,0.9198916960159604,0.8748841073075446,0.801876370591436,0.8141836513778492,0.8115184580756077,0.7348788383430339,0.745160813152445,-0.0633656492319368,0.7884763873223644,0.7545307733716131,0.6486851362267754,0.6851949768671515,0.7007722007722008,0.3663636363636363
7,3,CLIP ViT-B/16 + ViT-B/16 + Xception,"['clip', 'vit', 'xception']",stacking,0.9763602809746944,0.9263247898047678,0.8906811956373513,0.8099391581064815,0.8170811050986242,0.8319848120540816,0.7426118594975459,0.7399361377203942,-0.0586963835832696,0.7934535011768906,0.7504934505652252,0.6517635675993243,0.6890945142101785,0.7065637065637066,0.5049494949494949
7,3,CLIP ViT-B/16 + ResNet-18 + MobileNetV3,"['clip', 'resnet', 'mobilenet']",geometric,0.985104505491873,0.937962717914266,0.8967993929775334,0.7987106135303138,0.8044717791018002,0.8261985130897926,0.7293002907440078,0.7305590354327478,-0.0706008798877407,0.7908988012015938,0.7440337340750045,0.7071517588308732,0.7606576338400528,0.6698841698841699,0.2871717171717172
7,3,CLIP ViT-B/16 + ResNet-18 + MobileNetV3,"['clip', 'resnet', 'mobilenet']",mean,0.9864137842943564,0.943303271513202,0.8948179700811374,0.8024314772983341,0.8102449865128089,0.8145754765051068,0.717511143354933,0.723924930441415,-0.0802424935760306,0.7863925640179281,0.735600215323883,0.7087947051479767,0.7625743555849306,0.7104247104247104,0.4554545454545454
7,3,CLIP ViT-B/16 + ResNet-18 + MobileNetV3,"['clip', 'resnet', 'mobilenet']",stacking,0.9871659598818496,0.9464044570210975,0.8989424599969006,0.8138358972667865,0.8235888461818901,0.8224697229222158,0.7303445508856975,0.738775097301125,-0.0764727370746848,0.7852795546908309,0.7349721873317783,0.6994253873834178,0.7505122273628553,0.7084942084942085,0.4554545454545454
7,3,CLIP ViT-B/16 + ResNet-18 + Xception,"['clip', 'resnet', 'xception']",geometric,0.980105988041674,0.9309935329763916,0.8929166510510202,0.802338043496183,0.8119352409638554,0.8239177681542351,0.7335103079468197,0.7397802834740328,-0.0689988828967851,0.7804017286294416,0.7392786649919254,0.6776241095689213,0.7249504296100463,0.6756756756756757,0.2673737373737374
7,3,CLIP ViT-B/16 + ResNet-18 + Xception,"['clip', 'resnet', 'xception']",mean,0.981307714204191,0.9356894200036644,0.8839200717510048,0.8060698994762211,0.8201332497336534,0.8050999773360044,0.7247110422265824,0.7387440016691008,-0.0788200944150004,0.7747240191490389,0.7352413421855374,0.6764465374164648,0.7228849966953073,0.6872586872586872,0.4158585858585858
7,3,CLIP ViT-B/16 + ResNet-18 + Xception,"['clip', 'resnet', 'xception']",stacking,0.9859432423812302,0.9458751518359424,0.8987791110633827,0.8136545257684931,0.8208823544949786,0.8269932570627355,0.7313228577552804,0.7312076274681226,-0.0717858540006471,0.776527324335861,0.7342544410550871,0.6789444444444445,0.7260079312623926,0.7065637065637066,0.5544444444444444
7,3,CLIP ViT-B/16 + MobileNetV3 + Xception,"['clip', 'mobilenet', 'xception']",geometric,0.9732544391164172,0.918955232996071,0.8882242076604157,0.8043770988254821,0.817872475425858,0.8215128229323747,0.7414466850236607,0.7560377329136178,-0.0667113847280409,0.794771448189101,0.7619773909922842,0.6873222075346992,0.7385657633840054,0.6621621621621622,0.2772727272727273
7,3,CLIP ViT-B/16 + MobileNetV3 + Xception,"['clip', 'mobilenet', 'xception']",mean,0.9725950605736258,0.91937596275863,0.8777904216949939,0.7987930551204472,0.8164456366416807,0.8002576980235814,0.7225730569891232,0.7450617938655636,-0.0775327236714125,0.7890580556326006,0.7530952808182307,0.6895275391055299,0.7416721744877727,0.6756756756756757,0.4257575757575757
7,3,CLIP ViT-B/16 + MobileNetV3 + Xception,"['clip', 'mobilenet', 'xception']",stacking,0.9795108523457958,0.9313328311720038,0.8968455924850435,0.8173259245824334,0.8255669323984612,0.8264103567174634,0.7451950293217255,0.7467898827371882,-0.07043523576758,0.7970529521554222,0.7605418984389019,0.693494198428435,0.7462987442167879,0.7046332046332047,0.5148484848484849
7,3,DINO (ConvNeXt-B) + ViT-B/16 + ResNet-18,"['dino', 'vit', 'resnet']",geometric,0.9941214231874848,0.9669387838195476,0.9142530628629736,0.8170840959180421,0.8227801592161665,0.8346897926321901,0.7423645347271458,0.7510594683009209,-0.0795632702307835,0.7905969676121656,0.7499551408577068,0.684887824043475,0.7246695307336417,0.6833976833976834,0.1287878787878787
7,3,DINO (ConvNeXt-B) + ViT-B/16 + ResNet-18,"['dino', 'vit', 'resnet']",mean,0.9940878666104358,0.9679566784063842,0.9027133814428576,0.8080869703814847,0.8127921938666095,0.8201224656759962,0.7274481030190111,0.7304188049056276,-0.0825909157668614,0.7687685251382471,0.726807823434416,0.6836921128001763,0.724454725710509,0.7181467181467182,0.3465656565656566
7,3,DINO (ConvNeXt-B) + ViT-B/16 + ResNet-18,"['dino', 'vit', 'resnet']",stacking,0.9963772962653517,0.9806600028501048,0.916960729186119,0.8208544246401425,0.8219134672647503,0.8325021094568298,0.7386601592771521,0.734651056373397,-0.0844586197292892,0.7745970863279537,0.7277947245648663,0.694361643533818,0.7377065432914739,0.7181467181467182,0.4059595959595959
7,3,DINO (ConvNeXt-B) + ViT-B/16 + MobileNetV3,"['dino', 'vit', 'mobilenet']",geometric,0.9936476002933384,0.9640140333733704,0.9131644119352872,0.824053158337318,0.8321844382820568,0.837448182147899,0.7505152599383337,0.7637073475443117,-0.0757162297873883,0.800308882339344,0.759913870446797,0.6960598883748256,0.7370456047587575,0.6718146718146718,0.1287878787878787
7,3,DINO (ConvNeXt-B) + ViT-B/16 + MobileNetV3,"['dino', 'vit', 'mobilenet']",mean,0.9934579401111706,0.9667352049021803,0.8972001011354203,0.8130664424255415,0.821164544183063,0.8162059360333718,0.736412251919515,0.7473515079678651,-0.0809941651020484,0.7862151249185905,0.7451103534900413,0.6992314386428728,0.7429444811632517,0.7104247104247104,0.3465656565656566
7,3,DINO (ConvNeXt-B) + ViT-B/16 + MobileNetV3,"['dino', 'vit', 'mobilenet']",stacking,0.9963765887061594,0.9810603747209272,0.9118202576443272,0.8238882751570512,0.8260187321840641,0.8282392793119376,0.7431065090383463,0.7417781239814155,-0.0835809783323896,0.7865287389672501,0.7367665530235062,0.7059539178967468,0.7506774619960344,0.7277992277992278,0.3762626262626262
7,3,DINO (ConvNeXt-B) + ViT-B/16 + Xception,"['dino', 'vit', 'xception']",geometric,0.9925822970263808,0.962636482699185,0.9121680052812238,0.8293459084238817,0.8398593031171993,0.8352939801697776,0.7549945863355813,0.7720611545738099,-0.0768740251114461,0.7973842206215768,0.7594652790238651,0.6780355070867299,0.713615333773959,0.6718146718146718,0.1188888888888888
7,3,DINO (ConvNeXt-B) + ViT-B/16 + Xception,"['dino', 'vit', 'xception']",mean,0.9910032628396664,0.9640886789764052,0.8830878814714589,0.812989496941417,0.8240459199503568,0.8057494876160998,0.7352800540816832,0.74872313896526,-0.0773383938553591,0.7796579488339509,0.7380226090077158,0.6725682235440993,0.7104758757435559,0.7007722007722008,0.3366666666666666
7,3,DINO (ConvNeXt-B) + ViT-B/16 + Xception,"['dino', 'vit', 'xception']",stacking,0.9956219753419076,0.9804632098966498,0.9064351454494848,0.8250204729948831,0.8274912897649997,0.8265059856040929,0.743947413257707,0.7430393151833384,-0.0799291598453919,0.786211431321566,0.7319217656558407,0.6896461408533451,0.7339061467283543,0.7142857142857143,0.3267676767676767
7,3,DINO (ConvNeXt-B) + ResNet-18 + MobileNetV3,"['dino', 'resnet', 'mobilenet']",geometric,0.9952119687077076,0.9711121516255776,0.915627634397414,0.8280323390877563,0.8365162052155558,0.8245591935977015,0.7471516430608913,0.759778811660949,-0.0910684407997125,0.7816685835947083,0.7428673963753814,0.7146208048762577,0.7602445472571051,0.6756756756756757,0.1782828282828283
7,3,DINO (ConvNeXt-B) + ResNet-18 + MobileNetV3,"['dino', 'resnet', 'mobilenet']",mean,0.9943206097755968,0.966952355747372,0.8983452415647757,0.810686628523691,0.8203285153173266,0.8030783449555217,0.7270853600224241,0.7387791174799571,-0.095266896609254,0.7691528870277066,0.7207966983671272,0.7152462730410517,0.7639788499669531,0.7027027027027027,0.3861616161616161
7,3,DINO (ConvNeXt-B) + ResNet-18 + MobileNetV3,"['dino', 'resnet', 'mobilenet']",stacking,0.996483162976106,0.9813861009887148,0.9131944909829848,0.8267737308117199,0.8299449660084169,0.8203988781463601,0.7408311211506647,0.741243545492957,-0.0927956128366246,0.7755853106524998,0.7344338776242598,0.7115012484394507,0.7559814937210838,0.7297297297297297,0.3663636363636363
7,3,DINO (ConvNeXt-B) + ResNet-18 + Xception,"['dino', 'resnet', 'xception']",geometric,0.9942543179691696,0.9706099902960716,0.9161895470299298,0.8300219294629755,0.8387732440843902,0.8213487801325048,0.7473549989832204,0.7595539235686114,-0.094840766897425,0.7736405260554307,0.7394581015610981,0.6950946978042154,0.7372273628552545,0.6756756756756757,0.1881818181818181
7,3,DINO (ConvNeXt-B) + ResNet-18 + Xception,"['dino', 'resnet', 'xception']",mean,0.9925576109658312,0.9647129876563316,0.889246736712338,0.810126025710784,0.8218850375594842,0.7931848185095025,0.7267610897678994,0.7391972637089963,-0.0960619182028355,0.7587426709353583,0.7097613493630002,0.6905994345303665,0.7358889623265037,0.7084942084942085,0.3861616161616161
7,3,DINO (ConvNeXt-B) + ResNet-18 + Xception,"['dino', 'resnet', 'xception']",stacking,0.995835279945527,0.9808228659839988,0.9103406321384157,0.82851050031053,0.8320522757610989,0.817074099797573,0.7409905082249226,0.7415289097550541,-0.0932665323408425,0.7688011329287168,0.7294993719720079,0.6978699052654769,0.7424157303370786,0.7258687258687259,0.3267676767676767
7,3,DINO (ConvNeXt-B) + MobileNetV3 + Xception,"['dino', 'mobilenet', 'xception']",geometric,0.993512551870574,0.9685877730502228,0.9139556774377124,0.8354410899877437,0.8465296038299682,0.8219755087246614,0.7564895271700001,0.7737018990121868,-0.0919801687130509,0.7854179262727444,0.756773730486273,0.7059223397224057,0.7487276933245208,0.666023166023166,0.1881818181818181
7,3,DINO (ConvNeXt-B) + MobileNetV3 + Xception,"['dino', 'mobilenet', 'xception']",mean,0.9906224841230764,0.9563119643329736,0.8822027493806766,0.8023765162382452,0.8187441084399906,0.7883185768186971,0.727041391174353,0.7487910976226606,-0.0938841725619794,0.7756848913299823,0.7408935941144805,0.7047482925754571,0.7507766027759417,0.6833976833976834,0.396060606060606
7,3,DINO (ConvNeXt-B) + MobileNetV3 + Xception,"['dino', 'mobilenet', 'xception']",stacking,0.9959354536854452,0.9811146624322252,0.9076440756424408,0.8324841849549595,0.8379388635143111,0.8156221165637205,0.7475528587995405,0.7527426978026119,-0.0920219590787203,0.7815930519762648,0.7407141575453078,0.7097814863773224,0.7541308658294779,0.7200772200772201,0.2574747474747474
7,4,CLIP ViT-B/16 + DINO (ConvNeXt-B) + ViT-B/16 + ResNet-18,"['clip', 'dino', 'vit', 'resnet']",geometric,0.994539619908006,0.9660430365831314,0.9234219039786804,0.8263890033910974,0.8320430473435706,0.855606562571038,0.7552803838480436,0.759256455729054,-0.0678153414076423,0.807345233484634,0.7643100663915305,0.6962605933759272,0.7353271645736946,0.6795366795366795,0.1485858585858586
7,4,CLIP ViT-B/16 + DINO (ConvNeXt-B) + ViT-B/16 + ResNet-18,"['clip', 'dino', 'vit', 'resnet']",mean,0.9950111819870882,0.9681670432876638,0.9187794610778018,0.8120221822838519,0.8132691278758695,0.8462618800870533,0.7313778188153693,0.7242828533551462,-0.0725175809907485,0.7922471756430349,0.7408038758298942,0.6926677315120805,0.732650363516193,0.722007722007722,0.4257575757575757
7,4,CLIP ViT-B/16 + DINO (ConvNeXt-B) + ViT-B/16 + ResNet-18,"['clip', 'dino', 'vit', 'resnet']",stacking,0.9973653413732336,0.9827297218433392,0.932074576204716,0.834144008969645,0.8370352369380316,0.8587671194201936,0.7495644335987952,0.7465965208880189,-0.0733074567845224,0.7957532941434553,0.7418804952449309,0.7045027906293604,0.7484798413747521,0.7181467181467182,0.4356565656565656
7,4,CLIP ViT-B/16 + DINO (ConvNeXt-B) + ViT-B/16 + MobileNetV3,"['clip', 'dino', 'vit', 'mobilenet']",geometric,0.993947762029694,0.9637900965642664,0.92249030000836,0.8281477573139431,0.8345328309555057,0.8578338938761195,0.7599685622736292,0.7655933831777707,-0.0646564061322403,0.8146973139544127,0.7747173874035529,0.706588859513843,0.7463648380700594,0.6737451737451737,0.1584848484848484
7,4,CLIP ViT-B/16 + DINO (ConvNeXt-B) + ViT-B/16 + MobileNetV3,"['clip', 'dino', 'vit', 'mobilenet']",mean,0.9941516529613628,0.9634915141521276,0.9151357294651292,0.8228165344853171,0.8285705169791655,0.8433821000825392,0.7464261570677175,0.7498875125362535,-0.0717536293825898,0.8040825018753548,0.7536335905257492,0.7063550341484908,0.7481989424983475,0.7123552123552124,0.396060606060606
7,4,CLIP ViT-B/16 + DINO (ConvNeXt-B) + ViT-B/16 + MobileNetV3,"['clip', 'dino', 'vit', 'mobilenet']",stacking,0.997307915865367,0.9830690200389516,0.9294509545901072,0.8352102535353702,0.8385554364974666,0.8560584926012661,0.7532907934728245,0.7521040888908525,-0.0733924619888409,0.8025140085768903,0.7477121837430468,0.7122265183226849,0.7559153998678123,0.7277992277992278,0.4158585858585858
7,4,CLIP ViT-B/16 + DINO (ConvNeXt-B) + ViT-B/16 + Xception,"['clip', 'dino', 'vit', 'xception']",geometric,0.993219223194673,0.962025745947083,0.922287516656204,0.8305550517458381,0.8377180515638653,0.8577093588519424,0.761925176012795,0.7683669595255792,-0.0645781578042616,0.81290056612266,0.7757940068185897,0.6918612396269369,0.7278585591539988,0.6776061776061776,0.1584848484848484
7,4,CLIP ViT-B/16 + DINO (ConvNeXt-B) + ViT-B/16 + Xception,"['clip', 'dino', 'vit', 'xception']",mean,0.9927390454967868,0.959827093639516,0.9072238634614572,0.8254931381116479,0.8345104007588827,0.8376134329927373,0.7509934211611073,0.7589516583844983,-0.0696104304687199,0.7994888061718411,0.7568634487708595,0.6847596754057428,0.722769332452082,0.7142857142857143,0.3663636363636363
7,4,CLIP ViT-B/16 + DINO (ConvNeXt-B) + ViT-B/16 + Xception,"['clip', 'dino', 'vit', 'xception']",stacking,0.9971105824860752,0.9827568656989882,0.9286564342079858,0.8397115643566533,0.8439075562787013,0.8581755519512322,0.7570776105129515,0.7570054922399433,-0.0704808822567536,0.8020434736044331,0.7472635923201149,0.7019473819490343,0.7454395241242564,0.7258687258687259,0.3564646464646465
7,4,CLIP ViT-B/16 + DINO (ConvNeXt-B) + ResNet-18 + MobileNetV3,"['clip', 'dino', 'resnet', 'mobilenet']",geometric,0.9956720092959104,0.9709085727082104,0.926649173388438,0.8375460985891496,0.8451893364060127,0.8541217619965945,0.7608259548110164,0.76862136252705,-0.0725274113918436,0.8035832316943297,0.7597344338776243,0.7229915179554968,0.7670852610707204,0.667953667953668,0.1881818181818181
7,4,CLIP ViT-B/16 + DINO (ConvNeXt-B) + ResNet-18 + MobileNetV3,"['clip', 'dino', 'resnet', 'mobilenet']",mean,0.9954533173302752,0.9705149868013002,0.9168722339643388,0.8194858942439281,0.8235332043842682,0.8355521251897569,0.7332684792824284,0.7328897181447418,-0.081320108774582,0.7937787004285516,0.7419702135295173,0.7228066020415657,0.7693324520819563,0.7258687258687259,0.4653535353535353
7,4,CLIP ViT-B/16 + DINO (ConvNeXt-B) + ResNet-18 + MobileNetV3,"['clip', 'dino', 'resnet', 'mobilenet']",stacking,0.997429832503348,0.9829333007607064,0.9300826822062134,0.8372383166526516,0.8411726216653974,0.8538275162903326,0.7527906478260152,0.752286908584237,-0.0762551659158807,0.7978546091518613,0.7453795083438005,0.7135522141440847,0.7572042300066093,0.7181467181467182,0.4059595959595959
7,4,CLIP ViT-B/16 + DINO (ConvNeXt-B) + ResNet-18 + Xception,"['clip', 'dino', 'resnet', 'xception']",geometric,0.9951555121753612,0.9709357165638594,0.9277785897207212,0.8417561157919614,0.8501524913865787,0.8543744489552954,0.7637278987837117,0.7724161297665875,-0.0734041407654257,0.7987706537565851,0.758568096178001,0.7080818462216347,0.7499504296100463,0.667953667953668,0.1881818181818181
7,4,CLIP ViT-B/16 + DINO (ConvNeXt-B) + ResNet-18 + Xception,"['clip', 'dino', 'resnet', 'xception']",mean,0.9945887171920637,0.9691306501632024,0.9116710881725878,0.8228055422732994,0.8289600729996711,0.8303876765734722,0.7352195969155854,0.7371396145703747,-0.0812834115991155,0.7874560433479245,0.7390992284227526,0.7027745098039214,0.7467448777263715,0.7200772200772201,0.4455555555555555
7,4,CLIP ViT-B/16 + DINO (ConvNeXt-B) + ResNet-18 + Xception,"['clip', 'dino', 'resnet', 'xception']",stacking,0.9972991053586296,0.9828925849772332,0.930161562405188,0.83813967803811,0.8421791601466206,0.8550654190620746,0.7530984297625133,0.7522296190481443,-0.0750961433431134,0.7949504981523391,0.7401758478377893,0.7056230080046999,0.7498182419035029,0.7239382239382239,0.396060606060606
7,4,CLIP ViT-B/16 + DINO (ConvNeXt-B) + MobileNetV3 + Xception,"['clip', 'dino', 'mobilenet', 'xception']",geometric,0.9944440176465802,0.9679770362981208,0.9263277352469396,0.8423112224988596,0.8515550220667746,0.8562198883105742,0.7684435577393417,0.7792558904741196,-0.0701078469363652,0.8075833484575555,0.7728333034272384,0.7191105603290006,0.7610376734963649,0.666023166023166,0.198080808080808
7,4,CLIP ViT-B/16 + DINO (ConvNeXt-B) + MobileNetV3 + Xception,"['clip', 'dino', 'mobilenet', 'xception']",mean,0.9931260925493766,0.9620325319109952,0.907237237415844,0.822464783700748,0.8320246279289867,0.8273416521312152,0.7411004303451005,0.7514719848053182,-0.0798955852846287,0.7988329079513642,0.7577606316167235,0.7173713372989645,0.7633013879709187,0.7027027027027027,0.4356565656565656
7,4,CLIP ViT-B/16 + DINO (ConvNeXt-B) + MobileNetV3 + Xception,"['clip', 'dino', 'mobilenet', 'xception']",stacking,0.997262486558192,0.9831775954615474,0.9288574881119984,0.8379033454797277,0.8420088388911209,0.8542207996398401,0.7557970178128796,0.7559914768358852,-0.0746366884721583,0.8017504916307812,0.7486093665889109,0.7130687008885952,0.7575842696629214,0.7258687258687259,0.396060606060606
7,5,CLIP ViT-B/16 + DINO (ConvNeXt-B) + ViT-B/16 + ResNet-18 + MobileNetV3,"['clip', 'dino', 'vit', 'resnet', 'mobilenet']",geometric,0.9941678099667112,0.9641768965072643,0.9198451664991436,0.8255316108537102,0.8320974071997546,0.8502721337410654,0.7525378269496062,0.759429148478032,-0.0695730327580782,0.808493763174304,0.763054010407321,0.708665528383638,0.7484963648380699,0.6718146718146718,0.1683838383838383
7,5,CLIP ViT-B/16 + DINO (ConvNeXt-B) + ViT-B/16 + ResNet-18 + MobileNetV3,"['clip', 'dino', 'vit', 'resnet', 'mobilenet']",mean,0.9945469378396694,0.966667345263058,0.9135803914512508,0.8187933848868078,0.8242518576957111,0.8362599642700015,0.7355878360181811,0.738528096177572,-0.0773204271812493,0.7957434662465273,0.7441234523595909,0.7089704413600646,0.7502808988764045,0.7297297297297297,0.4059595959595959
7,5,CLIP ViT-B/16 + DINO (ConvNeXt-B) + ViT-B/16 + ResNet-18 + MobileNetV3,"['clip', 'dino', 'vit', 'resnet', 'mobilenet']",stacking,0.997433121153347,0.982919728832882,0.9300384344409524,0.8378044155715676,0.8418903931979277,0.8540503711947869,0.7533952194869935,0.7532243250229621,-0.0759880632461655,0.7981214918760555,0.7460972546204917,0.7133235294117648,0.7568076668869795,0.7181467181467182,0.396060606060606
7,5,CLIP ViT-B/16 + DINO (ConvNeXt-B) + ViT-B/16 + ResNet-18 + Xception,"['clip', 'dino', 'vit', 'resnet', 'xception']",geometric,0.9936653397925416,0.9632675773430236,0.9201528609370594,0.8234650749943665,0.82957680716499,0.8503165061145224,0.7514056291117743,0.7569101452702521,-0.069836354822537,0.8065040045588425,0.7655661223757402,0.6966578174340897,0.7346166556510245,0.6814671814671814,0.1782828282828283
7,5,CLIP ViT-B/16 + DINO (ConvNeXt-B) + ViT-B/16 + ResNet-18 + Xception,"['clip', 'dino', 'vit', 'resnet', 'xception']",mean,0.99366750963434,0.9651880051301888,0.9087461874662088,0.8195078786679637,0.8263995348099593,0.8320135789490712,0.7360495089229281,0.7404068086118454,-0.0767326085171377,0.7918797685029116,0.7445720437825228,0.6924196225306603,0.731543291473893,0.7200772200772201,0.396060606060606
7,5,CLIP ViT-B/16 + DINO (ConvNeXt-B) + ViT-B/16 + ResNet-18 + Xception,"['clip', 'dino', 'vit', 'resnet', 'xception']",stacking,0.997314823890093,0.9828722270854964,0.93010991274019,0.8384309716565813,0.8426023590638704,0.8557285490550401,0.7539063573458205,0.7534469847143298,-0.0743813636851499,0.7960405160583116,0.7417907769603446,0.7051021884409194,0.7487442167878389,0.7181467181467182,0.3861616161616161
7,5,CLIP ViT-B/16 + DINO (ConvNeXt-B) + ViT-B/16 + MobileNetV3 + Xception,"['clip', 'dino', 'vit', 'mobilenet', 'xception']",geometric,0.9928260010800428,0.9603699707524956,0.9186478351186425,0.8306484855479892,0.8396400709865781,0.8517329324181744,0.7606171027826785,0.7716776489953397,-0.066914902700468,0.8127968525216349,0.7722949937197201,0.704860064625101,0.743456708526107,0.666023166023166,0.1683838383838383
7,5,CLIP ViT-B/16 + DINO (ConvNeXt-B) + ViT-B/16 + MobileNetV3 + Xception,"['clip', 'dino', 'vit', 'mobilenet', 'xception']",mean,0.9922570485253136,0.9588091990526796,0.904799486709078,0.819238569473528,0.8282190965167477,0.8295678930219595,0.7403914326699533,0.7502366235016048,-0.0752315936871185,0.8009562543710955,0.758568096178001,0.7034318498935155,0.7449933906146728,0.7046332046332047,0.396060606060606
7,5,CLIP ViT-B/16 + DINO (ConvNeXt-B) + ViT-B/16 + MobileNetV3 + Xception,"['clip', 'dino', 'vit', 'mobilenet', 'xception']",stacking,0.9972819895391588,0.9830961638946004,0.9287340843795748,0.8379198337977543,0.8421001906148937,0.854912247061463,0.7560938075373598,0.7565313758407672,-0.0738218373181118,0.8024910659698232,0.74887852144267,0.7122376808401263,0.7558162590879048,0.722007722007722,0.3861616161616161
7,5,CLIP ViT-B/16 + DINO (ConvNeXt-B) + ResNet-18 + MobileNetV3 + Xception,"['clip', 'dino', 'resnet', 'mobilenet', 'xception']",geometric,0.994561541301559,0.9675291626799128,0.9222176513476976,0.8349959054010234,0.84377536789959,0.8470474960465271,0.7574238651915118,0.7679275641227876,-0.0751701553011706,0.8008534194231071,0.7586578144625875,0.7203706029228171,0.7633509583608724,0.6640926640926641,0.207979797979798
7,5,CLIP ViT-B/16 + DINO (ConvNeXt-B) + ResNet-18 + MobileNetV3 + Xception,"['clip', 'dino', 'resnet', 'mobilenet', 'xception']",mean,0.9938913076063168,0.9657648120627296,0.907466086357365,0.8213270897569073,0.8310632791672946,0.822561176446306,0.7350327293112829,0.7450824873096447,-0.084904909911059,0.7912741650331042,0.7435851426520725,0.7181090181390908,0.7631692002643753,0.7123552123552124,0.4257575757575757
7,5,CLIP ViT-B/16 + DINO (ConvNeXt-B) + ResNet-18 + MobileNetV3 + Xception,"['clip', 'dino', 'resnet', 'mobilenet', 'xception']",stacking,0.9974241986795138,0.9829536586524432,0.9298059565481538,0.83650183844746,0.8403152040882056,0.8532039894742802,0.752136611210957,0.7514878328337153,-0.0766019670738735,0.797869741509714,0.7456486631975596,0.7135362781816846,0.7568902842035691,0.7181467181467182,0.4158585858585858
7,5,CLIP ViT-B/16 + ViT-B/16 + ResNet-18 + MobileNetV3 + Xception,"['clip', 'vit', 'resnet', 'mobilenet', 'xception']",geometric,0.9821857897933166,0.9330836098613629,0.8892275206836051,0.79485784321808,0.8044552250925989,0.8204155833014194,0.7295860882564703,0.7414922738234723,-0.0688119373821857,0.7987744937957821,0.7526466893952988,0.6864275170742454,0.7286516853932584,0.6698841698841699,0.2178787878787878
7,5,CLIP ViT-B/16 + ViT-B/16 + ResNet-18 + MobileNetV3 + Xception,"['clip', 'vit', 'resnet', 'mobilenet', 'xception']",mean,0.9835254057353866,0.9388720370785067,0.8853642762966107,0.797677345600642,0.8088403298506532,0.8069455597622397,0.7165658131214034,0.7289811963296581,-0.078418716534371,0.7881099890060981,0.7401758478377893,0.6900876477931996,0.7323364177131527,0.6988416988416989,0.4059595959595959
7,5,CLIP ViT-B/16 + ViT-B/16 + ResNet-18 + MobileNetV3 + Xception,"['clip', 'vit', 'resnet', 'mobilenet', 'xception']",stacking,0.9873793436676792,0.9472934182936016,0.8980738213260416,0.8082848301978048,0.8151770764894135,0.8246075419482346,0.7260795726227968,0.7293403352901884,-0.073466279377807,0.7872628047652803,0.7358693701776422,0.6956563486817948,0.7436715135492399,0.7142857142857143,0.495050505050505
7,5,DINO (ConvNeXt-B) + ViT-B/16 + ResNet-18 + MobileNetV3 + Xception,"['dino', 'vit', 'resnet', 'mobilenet', 'xception']",geometric,0.9926236999277592,0.960967135576773,0.9064207904988596,0.8153088536771698,0.824101506475016,0.8241485327769615,0.7380281070861294,0.7520921209347321,-0.0822722577218979,0.7936919415768626,0.7523775345415395,0.6973504075787618,0.7379048248512888,0.667953667953668,0.1782828282828283
7,5,DINO (ConvNeXt-B) + ViT-B/16 + ResNet-18 + MobileNetV3 + Xception,"['dino', 'vit', 'resnet', 'mobilenet', 'xception']",mean,0.9918808906562696,0.9591959989956772,0.8894977818438223,0.7989854188307584,0.8094111516414799,0.801582526558968,0.7186488372987738,0.7308555775792722,-0.0879152552848543,0.7784994448051803,0.7300376816795263,0.6988131379892781,0.739920687376074,0.7104247104247104,0.3861616161616161
7,5,DINO (ConvNeXt-B) + ViT-B/16 + ResNet-18 + MobileNetV3 + Xception,"['dino', 'vit', 'resnet', 'mobilenet', 'xception']",stacking,0.9966604160920228,0.9812164518909088,0.9141168359715592,0.8242675064716648,0.8268943413387617,0.8267178473240339,0.7408531055747003,0.740199130525817,-0.0873989886475252,0.7823970845901733,0.7343441593396735,0.7072508261731658,0.7508592200925314,0.7258687258687259,0.4059595959595959
7,6,CLIP ViT-B/16 + DINO (ConvNeXt-B) + ViT-B/16 + ResNet-18 + MobileNetV3 + Xception,"['clip', 'dino', 'vit', 'resnet', 'mobilenet', 'xception']",geometric,0.993263110270134,0.9615032267258404,0.9165812819157452,0.8234650749943665,0.8309580447550681,0.8451058239673797,0.7495864180228308,0.7585018869524658,-0.0714754579483654,0.8071551190016757,0.7643100663915305,0.707399610780642,0.7468770654329147,0.667953667953668,0.1881818181818181
7,6,CLIP ViT-B/16 + DINO (ConvNeXt-B) + ViT-B/16 + ResNet-18 + MobileNetV3 + Xception,"['clip', 'dino', 'vit', 'resnet', 'mobilenet', 'xception']",mean,0.9931933563030532,0.96177466528233,0.9056862739647232,0.8193210110636614,0.8295853939224286,0.8254663641113804,0.7352470774456298,0.746975801156628,-0.0802199098533428,0.7943200808699239,0.7434954243674861,0.7066080267312917,0.7483641771315267,0.7123552123552124,0.3861616161616161
7,6,CLIP ViT-B/16 + DINO (ConvNeXt-B) + ViT-B/16 + ResNet-18 + MobileNetV3 + Xception,"['clip', 'dino', 'vit', 'resnet', 'mobilenet', 'xception']",stacking,0.9974254778652418,0.9829672305802678,0.929773601764548,0.8364688618114067,0.8402829965860048,0.8533710642422568,0.7522080605890726,0.751585478067783,-0.076402537522291,0.798068902864679,0.7459178180513188,0.7134355952118675,0.7569398545935229,0.7181467181467182,0.4158585858585858
7,6,CLIP ViT-B/16 + DINO (ConvNeXt-B) + ViT-B/16 + ResNet-18 + MobileNetV3 + Xception,"['clip', 'dino', 'vit', 'resnet', 'mobilenet', 'xception']",max,0.992075868987916,0.9635254439716888,0.8944754687703834,0.8071471362539641,0.8160674316326905,0.8115350481934671,0.7249473747849648,0.7291306959952802,-0.0829404205769163,0.7542446833274252,0.7027633231652611,0.6772283175442463,0.7278916060806345,0.5540540540540541,0.9504040404040404
2025,1,CLIP ViT-B/16,['clip'],single,0.978601103872634,0.927220537041184,0.8932302049763206,0.7961164514941165,0.7977537891178715,0.8378602423100353,0.7359835556508214,0.7289613108168344,-0.0553699626662852,0.8048642264649448,0.7417010586757581,0.5977623558786811,0.6254791804362194,0.6505791505791506,0.390475869178772
2025,1,DINO (ConvNeXt-B),['dino'],single,0.9942330916727172,0.9703792675230554,0.9220895049705264,0.8179195040313938,0.8198051683156469,0.8576051448434494,0.7518563098045035,0.7490760347021914,-0.0644843601270769,0.8471853960836091,0.773192176565584,0.6899534405522508,0.728354263053536,0.7258687258687259,0.1980641782283783
2025,1,ViT-B/16,['vit'],single,0.947576848291442,0.8780087267495912,0.8241847704211124,0.7358736335306435,0.7462845739204806,0.7651484593840927,0.6841662681989811,0.6949597897921809,-0.0590363110370196,0.733295512201513,0.6896644536156469,0.6193979951531174,0.652048909451421,0.6814671814671814,0.1250653862953186
2025,1,ResNet-18,['resnet'],single,0.9731457759124028,0.9160779842972796,0.8219161913332248,0.716593293651448,0.7134975358510065,0.7370177571582102,0.6495298081309392,0.6455399974430097,-0.0848984341750146,0.7206193638272147,0.6734254441055088,0.6231445252258206,0.6693324520819564,0.7104247104247104,0.5117166042327881
2025,1,MobileNetV3,['mobilenet'],single,0.9449466967237428,0.865624342609746,0.8289506507690205,0.7331200844201883,0.7328337514855408,0.7394133938761376,0.6579223620065184,0.6572271971274053,-0.0895372568928829,0.7259253705304263,0.6818589628566302,0.6609378717779246,0.7182419035029742,0.722007722007722,0.5913693308830261
2025,1,Xception,['xception'],single,0.852572757943614,0.770200118075772,0.7520715871146723,0.690003132780425,0.7426999557503957,0.681953794863509,0.6457704716208567,0.7067089569558272,-0.0701177922511632,0.6639265871719976,0.6588013637179257,0.5756577807152824,0.6019828155981495,0.6718146718146718,0.3764511942863464
2025,2,CLIP ViT-B/16 + DINO (ConvNeXt-B),"['clip', 'dino']",geometric,0.9944739304040316,0.9672170083399496,0.928702571596643,0.8308903142123806,0.8349311430732668,0.8756927542330977,0.7716038186944549,0.7718608634546972,-0.0530098173635453,0.8577315918690489,0.7934685088821102,0.6720678930748328,0.7064111037673497,0.6853281853281853,0.1287878787878787
2025,2,CLIP ViT-B/16 + DINO (ConvNeXt-B),"['clip', 'dino']",mean,0.9952316519096852,0.9735211688144244,0.929557451744312,0.8155396901295432,0.8146626464773643,0.8747764463819472,0.752394928193375,0.7413790134158453,-0.0547810053623649,0.8505860762196362,0.7687062623362642,0.6646355658368216,0.7032716457369466,0.694980694980695,0.4851515151515151
2025,2,CLIP ViT-B/16 + DINO (ConvNeXt-B),"['clip', 'dino']",stacking,0.9958258634935716,0.9776402489091564,0.9311176875148252,0.8351278119452368,0.8385919979338399,0.8751542644217707,0.7663660296679803,0.7639057822505846,-0.0559634230930545,0.8540909255545595,0.7780369639332496,0.6745873173239332,0.7161269001982815,0.7084942084942085,0.3861616161616161
2025,2,CLIP ViT-B/16 + ViT-B/16,"['clip', 'vit']",geometric,0.977273725991686,0.9249879549140556,0.8897223739149653,0.7860201047557805,0.787591451937608,0.8333513449396683,0.7326254348793879,0.7291736254926848,-0.056371028975297,0.7993630286167857,0.748429930019738,0.6371598369684953,0.6658129543952414,0.6814671814671814,0.1584848484848484
2025,2,CLIP ViT-B/16 + ViT-B/16,"['clip', 'vit']",mean,0.9771001510140488,0.9285234421123348,0.8849458267843894,0.7873996273640126,0.7856620417571701,0.8275559949621191,0.7238316652651596,0.710446247464503,-0.0573898318222703,0.7884079174709189,0.7179257132603625,0.6270586399353749,0.6601288830138797,0.6332046332046332,0.4554545454545454
2025,2,CLIP ViT-B/16 + ViT-B/16,"['clip', 'vit']",stacking,0.9781198493542078,0.9309256733372692,0.8881249689027526,0.7932035153094033,0.7925547751105426,0.8312569736053746,0.7329222246038681,0.7223326933625891,-0.0568679952973779,0.792548390921067,0.7347927507626054,0.6233803701255783,0.6539160608063449,0.6525096525096525,0.5445454545454546
2025,2,CLIP ViT-B/16 + ResNet-18,"['clip', 'resnet']",geometric,0.9856912263044778,0.9381187950842478,0.8962544200821069,0.7889825058945737,0.7905560950063825,0.8329435861067314,0.731240416165147,0.728836492286535,-0.0633108339753755,0.8075719422394321,0.7532747173874036,0.6334569655577588,0.6690019828155982,0.6756756756756757,0.2277777777777777
2025,2,CLIP ViT-B/16 + ResNet-18,"['clip', 'resnet']",mean,0.9870349761139156,0.9483452426999992,0.8886357502477755,0.7960065293739386,0.79847318296828,0.8198634416063252,0.7237876964170885,0.7215734072022161,-0.0687723086414503,0.7938298087468478,0.7421496500986902,0.6317790629360358,0.6725380039656312,0.666023166023166,0.4851515151515151
2025,2,CLIP ViT-B/16 + ResNet-18,"['clip', 'resnet']",stacking,0.9870408901430768,0.9487659724625584,0.8875600552380599,0.7915546835067355,0.7936808434246173,0.8179601538531591,0.7191324946275564,0.7164709080720599,-0.0695999013849008,0.7926893333766802,0.7385609187152342,0.632638356466182,0.6737937871777925,0.666023166023166,0.5742424242424242
2025,2,CLIP ViT-B/16 + MobileNetV3,"['clip', 'mobilenet']",geometric,0.9797008171781618,0.9284555824732124,0.8980377525019143,0.7975454390564285,0.8019889265172284,0.8360199527064598,0.741331266797474,0.7441311746349313,-0.0620177997954545,0.8068577600341933,0.7638614749685986,0.6426885143570538,0.6771315267680106,0.6795366795366795,0.2376767676767676
2025,2,CLIP ViT-B/16 + MobileNetV3,"['clip', 'mobilenet']",mean,0.9793805035693384,0.934067574628638,0.8913019592141715,0.8032613893056769,0.8060363045245191,0.8198424933507725,0.7330706194661083,0.7308547013283532,-0.071459465863399,0.7937107349890347,0.7475327471738741,0.6485558125872072,0.6906807666886979,0.7007722007722008,0.495050505050505
2025,2,CLIP ViT-B/16 + MobileNetV3,"['clip', 'mobilenet']",stacking,0.980069031326841,0.934705455236389,0.8936897462332354,0.8096478644880103,0.8146804503231883,0.8243687168177343,0.7431284934623819,0.7446358614585211,-0.0693210294155011,0.7966815097198714,0.7568634487708595,0.6421007196886245,0.6793787177792466,0.696911196911197,0.4752525252525252
2025,2,CLIP ViT-B/16 + Xception,"['clip', 'xception']",geometric,0.9714783105349748,0.9226128675447705,0.8918455863040322,0.8065095879569325,0.8151590089309623,0.8319039257742987,0.7504822833022803,0.7588763603337565,-0.0599416605297334,0.793007373233228,0.7672707697828818,0.6233672982301535,0.6533046926635823,0.6640926640926641,0.2376767676767676
2025,2,CLIP ViT-B/16 + Xception,"['clip', 'xception']",mean,0.967343156312507,0.925883702150472,0.8701170373156805,0.7984577926539047,0.8019764553407496,0.8044560042168402,0.7308776731685601,0.7296279526906895,-0.0656610330988403,0.7769371508920297,0.7442131706441772,0.6158097598589998,0.6497025776602775,0.6640926640926641,0.495050505050505
2025,2,CLIP ViT-B/16 + Xception,"['clip', 'xception']",stacking,0.9723464322684284,0.9286455894627552,0.87955119768489,0.800233034894777,0.8032755830505356,0.817342503011304,0.7397209077368684,0.7360153406208715,-0.062208694673586,0.7880269074800806,0.74887852144267,0.6105815157523683,0.6401354923992069,0.6640926640926641,0.4455555555555555
2025,2,DINO (ConvNeXt-B) + ViT-B/16,"['dino', 'vit']",geometric,0.9927152746330408,0.962778987941342,0.9110415810893534,0.8223163888385079,0.829659994414909,0.8463818966747875,0.7569347117567203,0.7655351206917576,-0.0646596844145659,0.8254664109981587,0.7722052754351337,0.6774614452522582,0.7213813615333774,0.6911196911196911,0.099090909090909
2025,2,DINO (ConvNeXt-B) + ViT-B/16,"['dino', 'vit']",mean,0.9934146949292676,0.969402088719692,0.9040073764273024,0.7765777946325029,0.7679883112361667,0.8400886640294541,0.7166537508175458,0.6965126683620608,-0.0639187123978483,0.8177883665231501,0.7299479633949398,0.6772802012190644,0.7216292134831461,0.6795366795366795,0.4554545454545454
2025,2,DINO (ConvNeXt-B) + ViT-B/16,"['dino', 'vit']",stacking,0.994521200553798,0.9734465232113896,0.912171313943744,0.8099776308485438,0.8098009660134889,0.8482975571326387,0.7440793198019203,0.7370632213764597,-0.0638737568111053,0.8315641654441186,0.758568096178001,0.6842445839759125,0.7307336417713153,0.722007722007722,0.3861616161616161
2025,2,DINO (ConvNeXt-B) + ResNet-18,"['dino', 'resnet']",geometric,0.9944464501509156,0.9676038082829476,0.9091188676100148,0.817496303868709,0.8234061562679487,0.8353598654258158,0.749064287951986,0.7565258661604176,-0.0737590021841989,0.8220145411870726,0.7670016149291226,0.685728905045164,0.7278420356906807,0.6833976833976834,0.1683838383838383
2025,2,DINO (ConvNeXt-B) + ResNet-18,"['dino', 'resnet']",mean,0.993684034654827,0.9693274431166576,0.8948262682583594,0.7852121771724733,0.7821166133294678,0.8160673809199406,0.7130812819117656,0.703369509631229,-0.0787588873384188,0.8019022708071791,0.7418804952449309,0.6786806565322758,0.7230171844018506,0.7123552123552124,0.4851515151515151
2025,2,DINO (ConvNeXt-B) + ResNet-18,"['dino', 'resnet']",stacking,0.994571942162855,0.9734125933918284,0.9046089097732664,0.8178480546532781,0.8215139699704875,0.8291271864358893,0.7422765970310036,0.7431841831425599,-0.0754817233373771,0.8140973078298757,0.7601830253005563,0.6851152603363443,0.7286186384666227,0.7277992277992278,0.3366666666666666
2025,2,DINO (ConvNeXt-B) + MobileNetV3,"['dino', 'mobilenet']",geometric,0.9932848825979042,0.9650387139241192,0.9159696761768528,0.8333415774923467,0.8423345898869101,0.8455484630302098,0.7641291145223609,0.7766327316636479,-0.0704212131466429,0.8306148133807664,0.7754351336802441,0.7082776309025482,0.7562458691341705,0.6756756756756757,0.1584848484848484
2025,2,DINO (ConvNeXt-B) + MobileNetV3,"['dino', 'mobilenet']",mean,0.9927603892244828,0.9690017168488698,0.9019470063349584,0.8053718940130917,0.8064748830498841,0.8218461123136351,0.7297124986946748,0.7258476324268879,-0.0801008940213233,0.8096786756082305,0.7417907769603446,0.7063990967173386,0.7585095836087243,0.7451737451737451,0.4851515151515151
2025,2,DINO (ConvNeXt-B) + MobileNetV3,"['dino', 'mobilenet']",stacking,0.9941960760026068,0.9736704600204936,0.9108990104181456,0.8290381264873837,0.8341561723590066,0.8347665418334185,0.7533842272749757,0.7566424236507704,-0.076132468584727,0.820994848066734,0.7609007715772474,0.7040429242858193,0.7495703899537343,0.7277992277992278,0.3069696969696969
2025,2,DINO (ConvNeXt-B) + Xception,"['dino', 'xception']",geometric,0.9923495875088658,0.967366299546019,0.9172160810189104,0.8380572364479766,0.8475235842954207,0.8461488021628387,0.7670860195551452,0.7792881472453986,-0.0710672788560715,0.8286513655423455,0.7792930199174591,0.684959058529779,0.7292630535360212,0.6756756756756757,0.1881818181818181
2025,2,DINO (ConvNeXt-B) + Xception,"['dino', 'xception']",mean,0.9908284626467418,0.9703860534869676,0.8861037763558576,0.8053718940130917,0.8082354979855305,0.8098352604439548,0.7296080726805059,0.7284259335927796,-0.0762685159119027,0.8073388876571476,0.7449309169208684,0.6760764852757583,0.7240581625908791,0.7162162162162162,0.4851515151515151
2025,2,DINO (ConvNeXt-B) + Xception,"['dino', 'xception']",stacking,0.9929858129241848,0.9730800811601285,0.8996266794639244,0.8309617635904961,0.8379591578681166,0.826067186671941,0.7523839359813572,0.7589472501484743,-0.0735594927919833,0.8235197877382536,0.7611699264310067,0.6843232356613058,0.7306345009914078,0.7200772200772201,0.2574747474747474
2025,2,ViT-B/16 + ResNet-18,"['vit', 'resnet']",geometric,0.9752338597781168,0.9165190719515752,0.8496828110720824,0.746607528566011,0.7502708324305586,0.7764680391357518,0.6866010431609205,0.6927627750598073,-0.0732147719363306,0.7561737335265979,0.708146420240445,0.6406564955570243,0.6816093853271645,0.6872586872586872,0.198080808080808
2025,2,ViT-B/16 + ResNet-18,"['vit', 'resnet']",mean,0.9784056570622216,0.929330971817892,0.8484989807858472,0.7429746024941329,0.7417482590856127,0.7719079980047227,0.6750921971782992,0.669587963066467,-0.0765909827811245,0.7431810259888321,0.6854476942400861,0.6450533524271131,0.6870456047587574,0.6988416988416989,0.4356565656565656
2025,2,ViT-B/16 + ResNet-18,"['vit', 'resnet']",stacking,0.9790213676706324,0.9291748946479104,0.8467276601515445,0.742716285511715,0.7454486133768352,0.7683904262008954,0.6760924884719176,0.6778189610872394,-0.0783372339506491,0.7424064445230026,0.6859860039476046,0.6458866490416391,0.6896232650363517,0.7027027027027027,0.5148484848484849
2025,2,ViT-B/16 + MobileNetV3,"['vit', 'mobilenet']",geometric,0.9651352328559624,0.9000495375365594,0.8524449981120993,0.75316438303462,0.7608585683782302,0.7799907796480297,0.6930479755093516,0.7051500673125148,-0.0724542184640696,0.7537288326381724,0.7160416292840481,0.6495843063817287,0.6952742894910773,0.6853281853281853,0.198080808080808
2025,2,ViT-B/16 + MobileNetV3,"['vit', 'mobilenet']",mean,0.9644245712741832,0.9017867442980938,0.8513888940671752,0.7596278037010777,0.7675067645510942,0.7726371198931491,0.6881784255854727,0.697505291724649,-0.0787517741740261,0.7433699201203507,0.7030324780190202,0.6618717412058457,0.7134005287508262,0.7084942084942085,0.396060606060606
2025,2,ViT-B/16 + MobileNetV3,"['vit', 'mobilenet']",stacking,0.9644471805751692,0.9018817477928652,0.8514172545344413,0.7600619960757803,0.7682458114794131,0.7729035250533589,0.6886785712322819,0.6983459191172555,-0.0785137294810823,0.7433967027666147,0.7033016328727795,0.6612430417860027,0.7124256444150694,0.7084942084942085,0.5346464646464646
2025,2,ViT-B/16 + Xception,"['vit', 'xception']",geometric,0.949222617359856,0.8820124454578151,0.8325016900002018,0.7423150697730658,0.7533394009859059,0.76639979687061,0.6869637861575074,0.700597165566256,-0.0661018931295918,0.7436311404138644,0.7064417728333034,0.6292664683851068,0.6687376074025115,0.6853281853281853,0.2277777777777777
2025,2,ViT-B/16 + Xception,"['vit', 'xception']",mean,0.940277406249288,0.87207779429029,0.8167830612395228,0.7367640027040842,0.7522642514651039,0.7485390094089797,0.6744821294113121,0.6882576176264692,-0.0682440518305431,0.7215707335382808,0.6836533285483581,0.6277170815891899,0.6683575677461995,0.6872586872586872,0.4059595959595959
2025,2,ViT-B/16 + Xception,"['vit', 'xception']",stacking,0.9467307579055304,0.8820531612412885,0.8241883274355475,0.7445300004946496,0.7577346453738064,0.75870201052632,0.6829131560289535,0.6957713948227403,-0.0654863169092274,0.7285996812181698,0.69083079131527,0.6276199236248806,0.6675479180436219,0.6988416988416989,0.4059595959595959
2025,2,ResNet-18 + MobileNetV3,"['resnet', 'mobilenet']",geometric,0.9740131172313622,0.915453675617353,0.8432969001238844,0.7455907489543658,0.7530792414584055,0.7527474734549006,0.6749273139980324,0.6887904363016437,-0.0905494266689838,0.7458672798493324,0.7022250134577427,0.6654832562238379,0.7191672174487773,0.6718146718146718,0.3465656565656566
2025,2,ResNet-18 + MobileNetV3,"['resnet', 'mobilenet']",mean,0.9758849596578776,0.925157604011862,0.8457712620523958,0.754186658752274,0.7605484497887901,0.7539510971788088,0.6771642291436517,0.6849459078207046,-0.091820164873587,0.7463482284874089,0.6965727615287995,0.6659169787765293,0.7199438202247191,0.7007722007722008,0.4851515151515151
2025,2,ResNet-18 + MobileNetV3,"['resnet', 'mobilenet']",stacking,0.9770330626882708,0.9250965303366516,0.8441627339371147,0.7400836507334554,0.7428677066285335,0.7532931119359291,0.667419633189885,0.6713197831683921,-0.0908696220011856,0.7439587640970523,0.6946886775524852,0.6596246970698392,0.7128552544613351,0.7084942084942085,0.5643434343434344
2025,2,ResNet-18 + Xception,"['resnet', 'xception']",geometric,0.9620046884488308,0.9022074740606528,0.8206433393586685,0.7387920658213656,0.760185287973438,0.7328645131911169,0.677147740825625,0.7074892938950303,-0.0877788261675516,0.7239650305203386,0.6872420599318141,0.6338529411764706,0.6766523463317912,0.6718146718146718,0.3168686868686868
2025,2,ResNet-18 + Xception,"['resnet', 'xception']",mean,0.963567572436416,0.913865760061888,0.8182646817732859,0.736769498810093,0.7487171953535714,0.7308783186282427,0.6681616075010854,0.6798725364919964,-0.0873863631450432,0.727816248136564,0.6836533285483581,0.6326026657854154,0.6763714474553866,0.696911196911197,0.495050505050505
2025,2,ResNet-18 + Xception,"['resnet', 'xception']",stacking,0.970884668756242,0.917788047203165,0.8257209821883772,0.7262389596970547,0.7296549178815279,0.7372607021394717,0.658301593321132,0.6625670974289948,-0.0884602800489054,0.7289122213575625,0.6832047371254262,0.6322993684365131,0.6792300066093854,0.7007722007722008,0.5544444444444444
2025,2,MobileNetV3 + Xception,"['mobilenet', 'xception']",geometric,0.9381416077206016,0.8655021952593256,0.8231147050713754,0.7481134616124476,0.774996808813566,0.7319634908384183,0.6803794511588539,0.7197667694680031,-0.0911512142329571,0.7218247456226238,0.697111071236318,0.6442054417272527,0.6918374091209517,0.6621621621621622,0.3366666666666666
2025,2,MobileNetV3 + Xception,"['mobilenet', 'xception']",mean,0.9369867250250216,0.868155507149013,0.8188586833009577,0.7466624896260999,0.7682390917409974,0.7296104758043678,0.676686067920878,0.7036264522434832,-0.0892482074965899,0.7222633724727701,0.6985465637897004,0.6471889549827421,0.6959847984137475,0.6756756756756757,0.4653535353535353
2025,2,MobileNetV3 + Xception,"['mobilenet', 'xception']",stacking,0.9444349082605517,0.8746157447934692,0.8274682093525234,0.7508780029349206,0.7707341746541564,0.7365963571239725,0.6775489565642742,0.706236386851263,-0.0908718522285508,0.7259048360835336,0.6948681141216579,0.6581924432694426,0.713797091870456,0.667953667953668,0.4752525252525252
2025,3,CLIP ViT-B/16 + DINO (ConvNeXt-B) + ViT-B/16,"['clip', 'dino', 'vit']",geometric,0.9929315048563576,0.9614217951588934,0.921408545508313,0.8188043770988255,0.8216171760020777,0.8654253794877464,0.7592540684924731,0.7576423200562142,-0.0559831660205665,0.841554076229269,0.7768706262336265,0.6777894910773299,0.7133674818241903,0.694980694980695,0.1386868686868687
2025,3,CLIP ViT-B/16 + DINO (ConvNeXt-B) + ViT-B/16,"['clip', 'dino', 'vit']",mean,0.9940236417856236,0.9672034364121253,0.918238882504609,0.8321654108064437,0.838601924916624,0.8602345848827814,0.766635338862416,0.7701709373951263,-0.0580042976218276,0.8303151276098719,0.7687959806208505,0.6676991628111919,0.7068076668869795,0.7065637065637066,0.3267676767676767
2025,3,CLIP ViT-B/16 + DINO (ConvNeXt-B) + ViT-B/16,"['clip', 'dino', 'vit']",stacking,0.9959783719771104,0.9769141507705462,0.926395346863703,0.8182382781799096,0.818322153918838,0.8683760008571364,0.7525378269496062,0.7445433552904064,-0.0580193460065665,0.8469163818122336,0.7680782343441593,0.6791637291620769,0.7222405816259088,0.7046332046332047,0.495050505050505
2025,3,CLIP ViT-B/16 + DINO (ConvNeXt-B) + ResNet-18,"['clip', 'dino', 'resnet']",geometric,0.994871205190712,0.9684181239524168,0.9243101906698178,0.8208544246401425,0.8241027052404928,0.8640159322310434,0.75961681148906,0.7600993895114446,-0.0602942584387743,0.8446894845050026,0.7838686524313655,0.6783642138503341,0.7157633840052876,0.6872586872586872,0.1683838383838383
2025,3,CLIP ViT-B/16 + DINO (ConvNeXt-B) + ResNet-18,"['clip', 'dino', 'resnet']",mean,0.995452506239864,0.9697142430596554,0.9167922024671412,0.817237986886291,0.8201655949683357,0.8494809332596662,0.7485421578811412,0.7475779577604661,-0.0673112692074749,0.8282731542241425,0.7667324600753633,0.6701139751780864,0.7109550561797753,0.693050193050193,0.396060606060606
2025,3,CLIP ViT-B/16 + DINO (ConvNeXt-B) + ResNet-18,"['clip', 'dino', 'resnet']",stacking,0.9963392452830508,0.976574852574934,0.9244012078182284,0.8128356059731681,0.8117023864817641,0.8602247797985153,0.7444585511165339,0.7345797060082775,-0.0641764280197131,0.8400258219856107,0.767539924636641,0.6776528236762871,0.7196133509583609,0.7027027027027027,0.5643434343434344
2025,3,CLIP ViT-B/16 + DINO (ConvNeXt-B) + MobileNetV3,"['clip', 'dino', 'mobilenet']",geometric,0.993917825785994,0.9654119419392928,0.9267957439950868,0.8265154138293019,0.8304388231439054,0.8693202410124057,0.7660252710954288,0.7676014433811367,-0.0574755029826812,0.8478485350559619,0.7880854118069263,0.6889849085701696,0.7269828155981493,0.6814671814671814,0.1782828282828283
2025,3,CLIP ViT-B/16 + DINO (ConvNeXt-B) + MobileNetV3,"['clip', 'dino', 'mobilenet']",mean,0.9945652317102054,0.966667345263058,0.9199411713098054,0.8367766437479046,0.8441769681197138,0.8517858447136935,0.7671080039791808,0.7746806904106093,-0.0681553265961119,0.8305930748537865,0.7739099228422752,0.6864368069325109,0.7305518836748182,0.7065637065637066,0.3663636363636363
2025,3,CLIP ViT-B/16 + DINO (ConvNeXt-B) + MobileNetV3,"['clip', 'dino', 'mobilenet']",stacking,0.9961408950929812,0.9771923752909482,0.927263235168458,0.821393043029014,0.8218981382526869,0.8625571031414604,0.752032185196788,0.7446501440400256,-0.0647061320269976,0.8426717391631897,0.7695137268975417,0.6881414041271939,0.7322538003965631,0.7123552123552124,0.5544444444444444
2025,3,CLIP ViT-B/16 + DINO (ConvNeXt-B) + Xception,"['clip', 'dino', 'xception']",geometric,0.9936521947787688,0.9657715980266416,0.9277400969646148,0.8375296102711229,0.8441113964636211,0.8710779115536434,0.7761161217277559,0.7821552908963533,-0.0566621854109714,0.8468337233413822,0.7932890723129373,0.6785731438642872,0.7161103767349637,0.6718146718146718,0.1683838383838383
2025,3,CLIP ViT-B/16 + DINO (ConvNeXt-B) + Xception,"['clip', 'dino', 'xception']",mean,0.9940090430209836,0.965445871758854,0.9110238498000024,0.8384804366106613,0.8465763150750726,0.8455287145453451,0.7700704051179739,0.7782765620279731,-0.0654951352546574,0.8291822021472784,0.7790238650637,0.6686501064845414,0.7107402511566423,0.696911196911197,0.3861616161616161
2025,3,CLIP ViT-B/16 + DINO (ConvNeXt-B) + Xception,"['clip', 'dino', 'xception']",stacking,0.9959569358382154,0.9772738068578952,0.9204284859305536,0.8306539816539982,0.8337757061781144,0.856671420990088,0.760336801376225,0.7575828329997776,-0.0637570649404655,0.8433832528666136,0.7718464022967881,0.678401299845781,0.7227362855254462,0.7027027027027027,0.4851515151515151
2025,3,CLIP ViT-B/16 + ViT-B/16 + ResNet-18,"['clip', 'vit', 'resnet']",geometric,0.9844403820557972,0.93812558104816,0.8935921646781313,0.7853660681407223,0.7863582651319533,0.8304663362690435,0.7286682385529852,0.7262534517749609,-0.0631258284090877,0.8044626982985665,0.750672887134398,0.6510653961959315,0.6836582947785856,0.6872586872586872,0.1881818181818181
2025,3,CLIP ViT-B/16 + ViT-B/16 + ResNet-18,"['clip', 'vit', 'resnet']",mean,0.9862169582180376,0.9433982750079736,0.8875057699676956,0.7986006914101359,0.8056165589823567,0.8193577802502947,0.7291628880937856,0.7349961280330408,-0.0681479897174008,0.7877210874092828,0.7424188049524493,0.6467449144451789,0.685822868473232,0.6988416988416989,0.3564646464646465
2025,3,CLIP ViT-B/16 + ViT-B/16 + ResNet-18,"['clip', 'vit', 'resnet']",stacking,0.9872723132851956,0.9479923725765628,0.8879999381009713,0.7889550253645292,0.791365342924982,0.8181951487944678,0.7165603170153946,0.7150316901603019,-0.0698047893065035,0.7901728710798285,0.7402655661223757,0.644309576264963,0.6831130204890946,0.6698841698841699,0.5148484848484849
2025,3,CLIP ViT-B/16 + ViT-B/16 + MobileNetV3,"['clip', 'vit', 'mobilenet']",geometric,0.9804524487474444,0.929059533261402,0.8949772842531378,0.793527785563928,0.7979345399779469,0.8332741074323875,0.7374180393191424,0.7408970117685341,-0.0617031768207503,0.802035337928168,0.7617979544231114,0.6565846735698024,0.6912425644415068,0.6911196911196911,0.1782828282828283
2025,3,CLIP ViT-B/16 + ViT-B/16 + MobileNetV3,"['clip', 'vit', 'mobilenet']",mean,0.9803485498967488,0.9329139607635568,0.8897096930859502,0.8009695130999687,0.8082395615451825,0.8199743779120752,0.7332574870704106,0.739988320823757,-0.0697353151738749,0.7868019675189308,0.7445720437825228,0.6575348828670045,0.6980667547918042,0.7200772200772201,0.3663636363636363
2025,3,CLIP ViT-B/16 + ViT-B/16 + MobileNetV3,"['clip', 'vit', 'mobilenet']",stacking,0.9814640216124318,0.9350786832515624,0.8943516283535387,0.8031074983374279,0.8065721412913188,0.826391641591449,0.7366430883718885,0.7348652940623149,-0.0679599867620897,0.7933332558816952,0.7444823254979365,0.6507401410002203,0.68805353602115,0.7027027027027027,0.5346464646464646
2025,3,CLIP ViT-B/16 + ViT-B/16 + Xception,"['clip', 'vit', 'xception']",geometric,0.976584893104674,0.9246554426823558,0.8909678803800936,0.7899553166581477,0.7935231858923448,0.8311624148796195,0.7350766981593541,0.7360096390820965,-0.059805465500474,0.7988962035127051,0.7574017584783779,0.6458359036498494,0.6774124256444152,0.6795366795366795,0.207979797979798
2025,3,CLIP ViT-B/16 + ViT-B/16 + Xception,"['clip', 'vit', 'xception']",mean,0.9731711236141316,0.9250354566614416,0.8740728905386317,0.7983863432757891,0.8080760517545374,0.8091268055472887,0.7324110867450412,0.7412894346700958,-0.064946084991343,0.7781376838243849,0.7417907769603446,0.637458874935742,0.673314606741573,0.696911196911197,0.3762626262626262
2025,3,CLIP ViT-B/16 + ViT-B/16 + Xception,"['clip', 'vit', 'xception']",stacking,0.9771924568606336,0.9310274627959528,0.884758142635875,0.7996834242938878,0.8024649204103865,0.8240692114476835,0.7365221740396929,0.7320990483002967,-0.0606889311881915,0.7897594810974559,0.7375740175847838,0.6287370566204009,0.6601123595505619,0.6698841698841699,0.5346464646464646
2025,3,CLIP ViT-B/16 + ResNet-18 + MobileNetV3,"['clip', 'resnet', 'mobilenet']",geometric,0.985453499165606,0.9396320650366782,0.8967446112503327,0.7944291469493864,0.7982306136210384,0.8287146007951862,0.7322187230347299,0.7356748369736228,-0.0680300104551464,0.8063251173091297,0.7565942939171003,0.6581378056840714,0.6997025776602777,0.6756756756756757,0.2376767676767676
2025,3,CLIP ViT-B/16 + ResNet-18 + MobileNetV3,"['clip', 'resnet', 'mobilenet']",mean,0.9864776964165424,0.9439886538683387,0.8880027082560201,0.7964572100666678,0.8047944844453346,0.8105107595602005,0.7177419798073065,0.7283958452328065,-0.0774919486958196,0.79165927540478,0.7362282433159878,0.6621408533450834,0.7072207534699273,0.7065637065637066,0.4257575757575757
2025,3,CLIP ViT-B/16 + ResNet-18 + MobileNetV3,"['clip', 'resnet', 'mobilenet']",stacking,0.987479800680516,0.9478023655870198,0.8902935534330176,0.8005628012553107,0.8083854785478548,0.8161926724233093,0.7236447976608573,0.7327017946755124,-0.0741008810097083,0.794779648950776,0.7383814821460614,0.650609128295513,0.6944976867151353,0.7162162162162162,0.4554545454545454
2025,3,CLIP ViT-B/16 + ResNet-18 + Xception,"['clip', 'resnet', 'xception']",geometric,0.983044580583933,0.9370262548943764,0.8946087128453879,0.7933848868076967,0.7970063663313408,0.827761270045956,0.7331310766322061,0.7351904974858476,-0.0668474427994318,0.8015010192537938,0.7579400681858963,0.6468024895351399,0.6834600132187707,0.6718146718146718,0.2673737373737374
2025,3,CLIP ViT-B/16 + ResNet-18 + Xception,"['clip', 'resnet', 'xception']",mean,0.9832147048085232,0.9395845632892924,0.8767823657800632,0.7923736033020605,0.8031699552433998,0.801976513407572,0.7173847329167286,0.7297770257132498,-0.0748058523724911,0.7852667003223321,0.7372151444464382,0.6429165381508408,0.6826668869795108,0.694980694980695,0.4455555555555555
2025,3,CLIP ViT-B/16 + ResNet-18 + Xception,"['clip', 'resnet', 'xception']",stacking,0.9866614446785182,0.9477141480561606,0.8866034036001339,0.7968859063353614,0.803364867884773,0.8151241881403997,0.7225895453071499,0.7278442790898307,-0.0714792154597342,0.7922489329491081,0.7392786649919254,0.6367253800396563,0.6771315267680106,0.6891891891891891,0.5247474747474747
2025,3,CLIP ViT-B/16 + MobileNetV3 + Xception,"['clip', 'mobilenet', 'xception']",geometric,0.9771175934361708,0.9258769161865598,0.8956629212155764,0.7981555068234156,0.8044555905201561,0.8300575764333985,0.7411114225571183,0.7481096458861403,-0.0656053447821779,0.7987620624824493,0.7705006280279921,0.6513082543878974,0.6893588896232652,0.6621621621621622,0.2673737373737374
2025,3,CLIP ViT-B/16 + MobileNetV3 + Xception,"['clip', 'mobilenet', 'xception']",mean,0.9746032004120284,0.923773267373764,0.8779620801056842,0.8000571595024925,0.8164447426977007,0.8016333451527522,0.7253266060995784,0.7478786411195528,-0.076328734952932,0.7817552610896346,0.7441234523595909,0.6537945582727472,0.6943159286186384,0.6911196911196911,0.4158585858585858
2025,3,CLIP ViT-B/16 + MobileNetV3 + Xception,"['clip', 'mobilenet', 'xception']",stacking,0.9797426324788958,0.9342100798707952,0.8923508518530576,0.8094445085656812,0.8152387651676232,0.8225997298393044,0.736720033856013,0.7410326689264071,-0.0697511220137532,0.7947651999897296,0.752018661403194,0.6437532128956451,0.6804857898215467,0.696911196911197,0.5148484848484849
2025,3,DINO (ConvNeXt-B) + ViT-B/16 + ResNet-18,"['dino', 'vit', 'resnet']",geometric,0.9934618614519528,0.9643194017494215,0.905366498212646,0.8092576409613789,0.8161938002150275,0.8341419967251164,0.7431889506284797,0.752699212465069,-0.0712245014875297,0.816605097495829,0.7680782343441593,0.6812191745612102,0.7258592200925313,0.6891891891891891,0.1386868686868687
2025,3,DINO (ConvNeXt-B) + ViT-B/16 + ResNet-18,"['dino', 'vit', 'resnet']",mean,0.993873314743214,0.9663755488148316,0.8963949935642708,0.7962648463563565,0.8004500357983021,0.8212360439237296,0.7251012657532139,0.727277684174941,-0.0751589496405411,0.7983661479326938,0.7453795083438005,0.6785512594550929,0.7219762062128222,0.7335907335907336,0.3564646464646465
2025,3,DINO (ConvNeXt-B) + ViT-B/16 + ResNet-18,"['dino', 'vit', 'resnet']",stacking,0.9954457849547812,0.9739215406852466,0.9092074221102232,0.8018269056373559,0.8000088744432673,0.8372945111587683,0.7340928951837623,0.72488755195924,-0.0719129109514549,0.8170617367332259,0.7564148573479275,0.6861424322538003,0.7305684071381362,0.7297297297297297,0.5247474747474747
2025,3,DINO (ConvNeXt-B) + ViT-B/16 + MobileNetV3,"['dino', 'vit', 'mobilenet']",geometric,0.9922303184900868,0.9594199358047814,0.9095286009703468,0.8174028700665579,0.8258816500442856,0.8410093531739337,0.7517024188362545,0.7636852484398947,-0.068519247796413,0.8196617036112608,0.7686165440516778,0.6915825438789748,0.7386814276272307,0.6833976833976834,0.1386868686868687
2025,3,DINO (ConvNeXt-B) + ViT-B/16 + MobileNetV3,"['dino', 'vit', 'mobilenet']",mean,0.9924218776073632,0.9637697386725296,0.90089498953766,0.8118518029975762,0.8197874278133702,0.8249755590409322,0.7396879311008151,0.7484878898429742,-0.0759194304967278,0.8016130637873142,0.7456486631975596,0.6963959388999045,0.7444976867151355,0.7200772200772201,0.3465656565656566
2025,3,DINO (ConvNeXt-B) + ViT-B/16 + MobileNetV3,"['dino', 'vit', 'mobilenet']",stacking,0.995211856165438,0.974267624844771,0.9138732564641222,0.8093290903394945,0.8087604599627355,0.8418008792544495,0.7411828719352339,0.7336316173517583,-0.0720723772096727,0.8223790520264457,0.7570428853400323,0.6977872145112727,0.7460013218770655,0.722007722007722,0.5148484848484849
2025,3,DINO (ConvNeXt-B) + ViT-B/16 + Xception,"['dino', 'vit', 'xception']",geometric,0.991869486309047,0.9595827989386752,0.9090864028525748,0.8223163888385079,0.8321922607770367,0.8407572351028985,0.755417786498266,0.7686372781957233,-0.0683291677496762,0.8206950321250194,0.7722949937197201,0.6813744216787838,0.7264044943820225,0.6891891891891891,0.1485858585858586
2025,3,DINO (ConvNeXt-B) + ViT-B/16 + Xception,"['dino', 'vit', 'xception']",mean,0.9908749602427178,0.9619918161275218,0.8885267161003394,0.8119067640576652,0.8222043276099437,0.8159103972546461,0.7392922114681748,0.7501803799301653,-0.0726163188456933,0.799204350386915,0.7528261259644715,0.6789725343320849,0.7226701916721746,0.7258687258687259,0.3564646464646465
2025,3,DINO (ConvNeXt-B) + ViT-B/16 + Xception,"['dino', 'vit', 'xception']",stacking,0.9947127927435472,0.9739758283965446,0.9061882633308672,0.8130004891534348,0.8145992719980819,0.8360205217793706,0.7438539794555558,0.7397924145901612,-0.0701677415514967,0.824495954990575,0.7574017584783779,0.6876782330909892,0.7344514210178453,0.7200772200772201,0.4554545454545454
2025,3,DINO (ConvNeXt-B) + ResNet-18 + MobileNetV3,"['dino', 'resnet', 'mobilenet']",geometric,0.9934709131480856,0.9641497526516154,0.9047568197019028,0.8159464019742013,0.8246793361604104,0.8282712818828826,0.7446289304028096,0.7581738125722137,-0.0764855378190202,0.8164835016783738,0.760362461869729,0.7013542997723433,0.7468274950429611,0.6718146718146718,0.1881818181818181
2025,3,DINO (ConvNeXt-B) + ResNet-18 + MobileNetV3,"['dino', 'resnet', 'mobilenet']",mean,0.99312265550463,0.9625075493848524,0.8941758224905688,0.7955998175292806,0.8026971966980031,0.8091899753573275,0.7172473302665062,0.726531436711956,-0.0849858471332413,0.7980103422669242,0.7344338776242598,0.6966877065432916,0.7450760079312625,0.7123552123552124,0.4059595959595959
2025,3,DINO (ConvNeXt-B) + ResNet-18 + MobileNetV3,"['dino', 'resnet', 'mobilenet']",stacking,0.9951790465469617,0.974125119602614,0.909316907823436,0.8122585148422343,0.813531380159289,0.8310593509343823,0.7358186724705547,0.7330871532887248,-0.0782575568890535,0.8152533548844143,0.7578503499013098,0.6992184401850629,0.7436880370125577,0.7316602316602316,0.495050505050505
2025,3,DINO (ConvNeXt-B) + ResNet-18 + Xception,"['dino', 'resnet', 'xception']",geometric,0.9932941019570944,0.9663687628509192,0.9051105735402938,0.8165674619532062,0.8248187825758331,0.8277744606077055,0.7447993096890853,0.7565728425610888,-0.0773361129325882,0.8138709895875385,0.7657455589449129,0.6867672394800617,0.7289821546596167,0.6776061776061776,0.2178787878787878
2025,3,DINO (ConvNeXt-B) + ResNet-18 + Xception,"['dino', 'resnet', 'xception']",mean,0.992255122077742,0.96177466528233,0.8841111979385028,0.7941983104970128,0.8052245288613086,0.8012120019887566,0.7191160063095297,0.7316199638701004,-0.0828991959497461,0.7963675702441612,0.7321012022250134,0.6781909010795328,0.7228849966953074,0.7123552123552124,0.4158585858585858
2025,3,DINO (ConvNeXt-B) + ResNet-18 + Xception,"['dino', 'resnet', 'xception']",stacking,0.994692957887506,0.9741386915304384,0.902451530039154,0.812786141019088,0.815321640597468,0.8253034098116486,0.734774412328865,0.7344387151449782,-0.0771481202275052,0.8162860488154243,0.7587475327471739,0.6870319086436072,0.7320059484467945,0.7355212355212355,0.4752525252525252
2025,3,DINO (ConvNeXt-B) + MobileNetV3 + Xception,"['dino', 'mobilenet', 'xception']",geometric,0.9916633897789642,0.9611978583497892,0.9099991582586692,0.8305825322758825,0.8426613582420948,0.8355676808372955,0.7597157413972201,0.7783248234214409,-0.0744314774213735,0.8195343314636573,0.7663735869370177,0.7019988617169715,0.7484633179114342,0.666023166023166,0.198080808080808
2025,3,DINO (ConvNeXt-B) + MobileNetV3 + Xception,"['dino', 'mobilenet', 'xception']",mean,0.9895635130363698,0.9536382945515496,0.8876095340158694,0.8087629914205785,0.8249352217554276,0.8032461974441268,0.7325320010772368,0.754718883092664,-0.0843633365717425,0.798798998452692,0.7358693701776422,0.6977433722552692,0.7456543291473893,0.693050193050193,0.396060606060606
2025,3,DINO (ConvNeXt-B) + MobileNetV3 + Xception,"['dino', 'mobilenet', 'xception']",stacking,0.9944605502401842,0.9743626283395423,0.908222859286118,0.824514831242065,0.8290729607760213,0.8307581510040132,0.7456951749685348,0.7485626718544521,-0.0774647082821049,0.8216421875557803,0.7580297864704827,0.6999337959903063,0.7457534699272967,0.7335907335907336,0.4158585858585858
2025,4,CLIP ViT-B/16 + DINO (ConvNeXt-B) + ViT-B/16 + ResNet-18,"['clip', 'dino', 'vit', 'resnet']",geometric,0.9937063251180036,0.9631454299926032,0.9185518500057084,0.8132258294997994,0.8160465959715704,0.8569618909074659,0.7517134110482723,0.7520295972642291,-0.0615899590982425,0.8350511162912588,0.7779472456486632,0.6820259601968128,0.7190680766688698,0.696911196911197,0.1584848484848484
2025,4,CLIP ViT-B/16 + DINO (ConvNeXt-B) + ViT-B/16 + ResNet-18,"['clip', 'dino', 'vit', 'resnet']",mean,0.9947371624587052,0.966728418938268,0.912653061764347,0.8001615855166615,0.7992358150937562,0.845315988533571,0.7312514083771647,0.7226495144749977,-0.0673370732307759,0.8185813671600434,0.7540821819486812,0.6733337372402144,0.7115333773959022,0.7007722007722008,0.4257575757575757
2025,4,CLIP ViT-B/16 + DINO (ConvNeXt-B) + ViT-B/16 + ResNet-18,"['clip', 'dino', 'vit', 'resnet']",stacking,0.996481392208812,0.9772602349300706,0.9237254736259658,0.8194364292898482,0.820303568986736,0.8593530071512545,0.7503009118039868,0.7440133424987886,-0.0643724664747112,0.8375451892070296,0.7670016149291226,0.6815975985899978,0.7241407799074686,0.7084942084942085,0.4752525252525252
2025,4,CLIP ViT-B/16 + DINO (ConvNeXt-B) + ViT-B/16 + MobileNetV3,"['clip', 'dino', 'vit', 'mobilenet']",geometric,0.9927032613688712,0.9599153111703752,0.920500292792829,0.8229044721814595,0.8282592474149877,0.8611043569448382,0.7622934151153907,0.7667860147100058,-0.0593959358479907,0.836317710914885,0.7811771038937736,0.6889068443856943,0.7272141440846002,0.6891891891891891,0.1485858585858586
2025,4,CLIP ViT-B/16 + DINO (ConvNeXt-B) + ViT-B/16 + MobileNetV3,"['clip', 'dino', 'vit', 'mobilenet']",mean,0.9936619339988856,0.9610824969632812,0.915468544310222,0.8208379363221158,0.8266156055528961,0.8474369664346361,0.75167493830621,0.7554107164124162,-0.0680315778755858,0.8196447488619246,0.7640409115377714,0.6856783799662187,0.7283212161269002,0.7123552123552124,0.3663636363636363
2025,4,CLIP ViT-B/16 + DINO (ConvNeXt-B) + ViT-B/16 + MobileNetV3,"['clip', 'dino', 'vit', 'mobilenet']",stacking,0.996330465356368,0.977606319089595,0.9266687450259918,0.8249929924648387,0.8266724729192749,0.8620973901623488,0.7557035840107283,0.7507807550195399,-0.064571354863643,0.8405723441743823,0.7651175309528082,0.6895812954395242,0.7337078651685394,0.7181467181467182,0.4752525252525252
2025,4,CLIP ViT-B/16 + DINO (ConvNeXt-B) + ViT-B/16 + Xception,"['clip', 'dino', 'vit', 'xception']",geometric,0.9924727400987046,0.9598678094229894,0.9207336288643728,0.8231627891638774,0.8280138337279973,0.862023002156763,0.7621944852072307,0.7651668928086839,-0.0587106267076098,0.837200431789628,0.7831509061546743,0.6824247998824999,0.7186880370125579,0.6911196911196911,0.1683838383838383
2025,4,CLIP ViT-B/16 + DINO (ConvNeXt-B) + ViT-B/16 + Xception,"['clip', 'dino', 'vit', 'xception']",mean,0.9929561823851676,0.9591688551400284,0.9078557818800044,0.8164135709849571,0.8217774766170641,0.8420390299075835,0.7492786360863328,0.751330077188086,-0.0658167519724208,0.8182248780974676,0.7652072492373946,0.6728534552397738,0.7121943159286187,0.7046332046332047,0.396060606060606
2025,4,CLIP ViT-B/16 + DINO (ConvNeXt-B) + ViT-B/16 + Xception,"['clip', 'dino', 'vit', 'xception']",stacking,0.996189573171464,0.977911687465646,0.9211229100554984,0.8297306358445041,0.8327195758053543,0.8572330240780615,0.759462920520811,0.7567651684831239,-0.063889885977437,0.8413752052509087,0.7705903463125785,0.682538775060586,0.7256113681427627,0.7027027027027027,0.4554545454545454
2025,4,CLIP ViT-B/16 + DINO (ConvNeXt-B) + ResNet-18 + MobileNetV3,"['clip', 'dino', 'resnet', 'mobilenet']",geometric,0.994230782255498,0.9655815910370988,0.9211097214696966,0.8196727618482306,0.8240411017676335,0.8576104084591334,0.7573853924494496,0.7614704181819164,-0.0634993130105632,0.8379575703655454,0.7818051318858783,0.6915707204230006,0.7310971579643093,0.6756756756756757,0.1881818181818181
2025,4,CLIP ViT-B/16 + DINO (ConvNeXt-B) + ResNet-18 + MobileNetV3,"['clip', 'dino', 'resnet', 'mobilenet']",mean,0.9948103540457056,0.9677870293085782,0.9127315894419188,0.8114176106228737,0.8145778392633263,0.8383773265574351,0.7330266506180371,0.733799150568571,-0.0743542628844835,0.8197173190942076,0.756773730486273,0.6870734008959389,0.7316754791804362,0.7258687258687259,0.4455555555555555
2025,4,CLIP ViT-B/16 + DINO (ConvNeXt-B) + ResNet-18 + MobileNetV3,"['clip', 'dino', 'resnet', 'mobilenet']",stacking,0.9965216890516672,0.9773891682444033,0.9250688815027172,0.824514831242065,0.8266038155958271,0.8577322667535345,0.7535820870912958,0.7499149370534195,-0.0673366147491826,0.837442809856912,0.7697828817513009,0.6875635235367554,0.7307997356245869,0.7046332046332047,0.4653535353535353
2025,4,CLIP ViT-B/16 + DINO (ConvNeXt-B) + ResNet-18 + Xception,"['clip', 'dino', 'resnet', 'xception']",geometric,0.994243463104306,0.9664976961652518,0.9224328867511848,0.8211951832126938,0.825473292311984,0.8593245648674077,0.7581933200327567,0.7610860711376595,-0.063108321883777,0.83779365276016,0.7840480890005384,0.6841350884923257,0.7226040978189028,0.6814671814671814,0.207979797979798
2025,4,CLIP ViT-B/16 + DINO (ConvNeXt-B) + ResNet-18 + Xception,"['clip', 'dino', 'resnet', 'xception']",mean,0.9946107637817018,0.9671016469534416,0.9070654230287892,0.8119782134357808,0.8160752688172043,0.8343184687294232,0.7337851132472644,0.7356852473329514,-0.0727469542993661,0.8196467990523435,0.7584783778934147,0.6745104281412939,0.7163747521480502,0.7065637065637066,0.4554545454545454
2025,4,CLIP ViT-B/16 + DINO (ConvNeXt-B) + ResNet-18 + Xception,"['clip', 'dino', 'resnet', 'xception']",stacking,0.9964418037879088,0.9777216804761032,0.920695879743799,0.8252018444931766,0.8276897071093436,0.8535228051628136,0.7536315520453758,0.7504370386041488,-0.0671730745809853,0.8380937290435149,0.7712183743046833,0.6812296027025042,0.7243886318572373,0.7046332046332047,0.4851515151515151
2025,4,CLIP ViT-B/16 + DINO (ConvNeXt-B) + MobileNetV3 + Xception,"['clip', 'dino', 'mobilenet', 'xception']",geometric,0.993114588217838,0.962636482699185,0.9245335344360596,0.8313464910111186,0.8379420338839833,0.8639224437896597,0.7696307166372625,0.7769327791466873,-0.0606110906464,0.8399505181661027,0.7895209043603086,0.6920325695821399,0.7323529411764707,0.6737451737451737,0.198080808080808
2025,4,CLIP ViT-B/16 + DINO (ConvNeXt-B) + MobileNetV3 + Xception,"['clip', 'dino', 'mobilenet', 'xception']",mean,0.9931029609909078,0.961245360097175,0.9093007737789836,0.8229044721814595,0.8306120088736555,0.8357028137329678,0.7441397769680181,0.7528496116458465,-0.0735979600460157,0.8199290093906206,0.7610802081464202,0.6879355584930602,0.7313284864507601,0.7065637065637066,0.4356565656565656
2025,4,CLIP ViT-B/16 + DINO (ConvNeXt-B) + MobileNetV3 + Xception,"['clip', 'dino', 'mobilenet', 'xception']",stacking,0.9962912973872486,0.9777827541513134,0.923791281573054,0.8303901685655712,0.8334232969880169,0.8569147372025064,0.759407959460722,0.757163065486922,-0.0668765443705474,0.8409679658397924,0.7684371074825049,0.6879825585664978,0.7332286847323198,0.7181467181467182,0.4851515151515151
2025,5,CLIP ViT-B/16 + DINO (ConvNeXt-B) + ViT-B/16 + ResNet-18 + MobileNetV3,"['clip', 'dino', 'vit', 'resnet', 'mobilenet']",geometric,0.9932767576020436,0.961496440761928,0.9165825866586494,0.8117418808773984,0.8152152216953396,0.8524297954182021,0.7493335971464218,0.7518958145202529,-0.0641527912404473,0.830674903485659,0.7786649919253544,0.691287838730998,0.7306345009914078,0.6872586872586872,0.1782828282828283
2025,5,CLIP ViT-B/16 + DINO (ConvNeXt-B) + ViT-B/16 + ResNet-18 + MobileNetV3,"['clip', 'dino', 'vit', 'resnet', 'mobilenet']",mean,0.9941989115117984,0.9649912121767336,0.9104293220527836,0.8142920740655246,0.8202875271916901,0.8373474813742516,0.7382754318565297,0.7436532374410543,-0.0730818406785318,0.8129949074246279,0.7581195047550691,0.6875868766982449,0.7291308658294778,0.7142857142857143,0.3861616161616161
2025,5,CLIP ViT-B/16 + DINO (ConvNeXt-B) + ViT-B/16 + ResNet-18 + MobileNetV3,"['clip', 'dino', 'vit', 'resnet', 'mobilenet']",stacking,0.9966330240321678,0.9778438278265236,0.9248848164257422,0.8274277674267781,0.8302802626956028,0.8578093836662631,0.7560993036433686,0.7539027190097769,-0.067075432759479,0.8359688856593508,0.7692445720437825,0.6892792465300728,0.7330964970257766,0.7162162162162162,0.4257575757575757
2025,5,CLIP ViT-B/16 + DINO (ConvNeXt-B) + ViT-B/16 + ResNet-18 + Xception,"['clip', 'dino', 'vit', 'resnet', 'xception']",geometric,0.9932459346326254,0.9618357389575404,0.917193751699477,0.8177491247451181,0.8228367490864018,0.853422331931883,0.7540767366320962,0.7588689555568728,-0.063771419767594,0.8317187432931519,0.7816256953167056,0.6859604538444593,0.7232319894249836,0.6853281853281853,0.1782828282828283
2025,5,CLIP ViT-B/16 + DINO (ConvNeXt-B) + ViT-B/16 + ResNet-18 + Xception,"['clip', 'dino', 'vit', 'resnet', 'xception']",mean,0.9938892507860994,0.9643736894607194,0.9052873058139496,0.813703990722573,0.8203157303251661,0.8336877232827743,0.7379951304500761,0.743892939071759,-0.0715995825311752,0.81288416459931,0.7605418984389019,0.6774196592494677,0.7163912756113682,0.7104247104247104,0.396060606060606
2025,5,CLIP ViT-B/16 + DINO (ConvNeXt-B) + ViT-B/16 + ResNet-18 + Xception,"['clip', 'dino', 'vit', 'resnet', 'xception']",stacking,0.9965705776436288,0.9781220523469256,0.9212649489498068,0.8272463959284847,0.8302441131993952,0.854301687278087,0.7553848098622126,0.7531133336661618,-0.0669632616717197,0.8369033819778435,0.7698726000358873,0.6844468311669238,0.7269828155981493,0.7046332046332047,0.4554545454545454
2025,5,CLIP ViT-B/16 + DINO (ConvNeXt-B) + ViT-B/16 + MobileNetV3 + Xception,"['clip', 'dino', 'vit', 'mobilenet', 'xception']",geometric,0.9920893802913072,0.9582052482644896,0.918863249715878,0.8254052004155056,0.83265641544321,0.8570631969385646,0.7630353894265912,0.7718239792543198,-0.0618000527773134,0.8324664119418972,0.7866499192535439,0.6921010134390835,0.7304692663582287,0.6814671814671814,0.1683838383838383
2025,5,CLIP ViT-B/16 + DINO (ConvNeXt-B) + ViT-B/16 + MobileNetV3 + Xception,"['clip', 'dino', 'vit', 'mobilenet', 'xception']",mean,0.9923347491844886,0.958381683326208,0.907101682223119,0.820826944110098,0.8297401186596474,0.8347923948231709,0.744865262961192,0.7551854527811325,-0.0723092873999481,0.812402125780614,0.761259644715593,0.6884266358228686,0.7305353602115003,0.7084942084942085,0.3861616161616161
2025,5,CLIP ViT-B/16 + DINO (ConvNeXt-B) + ViT-B/16 + MobileNetV3 + Xception,"['clip', 'dino', 'vit', 'mobilenet', 'xception']",stacking,0.9964331017972272,0.9781763400582236,0.9238673228293036,0.8326050992871551,0.8364259359710414,0.8572506024784664,0.7613425887758523,0.7606004972902642,-0.0666167203508373,0.8395906934762584,0.7683473891979186,0.6899805757508995,0.7341374752148051,0.7181467181467182,0.4356565656565656
2025,5,CLIP ViT-B/16 + DINO (ConvNeXt-B) + ResNet-18 + MobileNetV3 + Xception,"['clip', 'dino', 'resnet', 'mobilenet', 'xception']",geometric,0.993564177712931,0.9632404334873748,0.9187704209322534,0.8197606995443728,0.8250426803243704,0.8527859864027216,0.7546428355510121,0.7607455999313997,-0.0659844345295317,0.8323232565823397,0.780818230755428,0.6948677755746493,0.7347488433575677,0.6756756756756757,0.2178787878787878
2025,5,CLIP ViT-B/16 + DINO (ConvNeXt-B) + ResNet-18 + MobileNetV3 + Xception,"['clip', 'dino', 'resnet', 'mobilenet', 'xception']",mean,0.9937377932402958,0.9639122439146868,0.9049202926261332,0.8151604588149296,0.8240292595635135,0.8270509397897656,0.7337631288232287,0.7445027558743638,-0.0778693528363675,0.8129357773295345,0.7513906334110891,0.688872842770067,0.7320389953734303,0.7181467181467182,0.4257575757575757
2025,5,CLIP ViT-B/16 + DINO (ConvNeXt-B) + ResNet-18 + MobileNetV3 + Xception,"['clip', 'dino', 'resnet', 'mobilenet', 'xception']",stacking,0.9965810828030416,0.9778777576460848,0.9228466249868266,0.8262955695889462,0.828926357952854,0.8540449425257293,0.7538733807097672,0.7511834648294254,-0.0688016824610973,0.837053696732514,0.769334290328369,0.6880549680546376,0.7318076668869795,0.7084942084942085,0.495050505050505
2025,5,CLIP ViT-B/16 + ViT-B/16 + ResNet-18 + MobileNetV3 + Xception,"['clip', 'vit', 'resnet', 'mobilenet', 'xception']",geometric,0.9840596661289742,0.9369991110387276,0.8933702965125133,0.7923900916200872,0.797425859387569,0.8242270678025884,0.7277998538035801,0.7341000118115731,-0.0691432287099249,0.801480940404772,0.7598241521622107,0.6702597121245502,0.7091374752148051,0.6891891891891891,0.2277777777777777
2025,5,CLIP ViT-B/16 + ViT-B/16 + ResNet-18 + MobileNetV3 + Xception,"['clip', 'vit', 'resnet', 'mobilenet', 'xception']",mean,0.9842713182593036,0.9405413842009188,0.88159690087388,0.7935332816699369,0.8044761359496174,0.8043734270198923,0.716131620746701,0.729448987181972,-0.0772234738539876,0.7834357175648567,0.736497398169747,0.6719767202761254,0.7130039656311964,0.7104247104247104,0.4059595959595959
2025,5,CLIP ViT-B/16 + ViT-B/16 + ResNet-18 + MobileNetV3 + Xception,"['clip', 'vit', 'resnet', 'mobilenet', 'xception']",stacking,0.9878317996354672,0.9480534462517728,0.8909937820893041,0.7985182498200025,0.8056576066500204,0.8176322189194244,0.7216826878156826,0.729114844949422,-0.0733615631698797,0.7928169658659242,0.7416113403911717,0.6569375413086582,0.6991903502974223,0.7162162162162162,0.4554545454545454
2025,5,DINO (ConvNeXt-B) + ViT-B/16 + ResNet-18 + MobileNetV3 + Xception,"['dino', 'vit', 'resnet', 'mobilenet', 'xception']",geometric,0.9918149991705558,0.9580898868779816,0.9000401850934836,0.8056521954195452,0.8144432141976313,0.8246317823794944,0.7353844800958521,0.7488576376572704,-0.0754084027139891,0.8103716725124754,0.7615287995693523,0.6946774987148417,0.7411103767349636,0.6795366795366795,0.198080808080808
2025,5,DINO (ConvNeXt-B) + ViT-B/16 + ResNet-18 + MobileNetV3 + Xception,"['dino', 'vit', 'resnet', 'mobilenet', 'xception']",mean,0.9914972447000864,0.9572823571724246,0.8884574047981434,0.7923900916200872,0.8015341774812168,0.8056857232928243,0.7154720880256339,0.7260044140763519,-0.0827716815053191,0.7911470044130837,0.733805849632155,0.6949242123815819,0.739788499669531,0.7258687258687259,0.4059595959595959
2025,5,DINO (ConvNeXt-B) + ViT-B/16 + ResNet-18 + MobileNetV3 + Xception,"['dino', 'vit', 'resnet', 'mobilenet', 'xception']",stacking,0.9958047529987052,0.9755773158798342,0.9114238410593982,0.8202388607671465,0.824475820949989,0.8358306450082441,0.7431175012503641,0.7452929411828818,-0.0755931960511541,0.8190137132681131,0.7593755607392787,0.6973247044136006,0.7424322538003965,0.7239382239382239,0.4059595959595959
2025,6,CLIP ViT-B/16 + DINO (ConvNeXt-B) + ViT-B/16 + ResNet-18 + MobileNetV3 + Xception,"['clip', 'dino', 'vit', 'resnet', 'mobilenet', 'xception']",geometric,0.9927267269113832,0.960105318159918,0.9148236730611216,0.8161717423205659,0.8221670450497393,0.8487242517184901,0.7518398214864769,0.7595842562617141,-0.0660994213426315,0.8276436481374687,0.7819845684550512,0.6941235587868106,0.7338070059484467,0.6776061776061776,0.1881818181818181
2025,6,CLIP ViT-B/16 + DINO (ConvNeXt-B) + ViT-B/16 + ResNet-18 + MobileNetV3 + Xception,"['clip', 'dino', 'vit', 'resnet', 'mobilenet', 'xception']",mean,0.9931880264583816,0.9611367846745792,0.9038993628568054,0.8121595849340743,0.8209906611565919,0.8279268572958746,0.7336202300669975,0.744065943930761,-0.0759725055609308,0.8080714727620976,0.7542616185178539,0.6897201659690093,0.7311467283542631,0.7239382239382239,0.396060606060606
2025,6,CLIP ViT-B/16 + DINO (ConvNeXt-B) + ViT-B/16 + ResNet-18 + MobileNetV3 + Xception,"['clip', 'dino', 'vit', 'resnet', 'mobilenet', 'xception']",stacking,0.9966776925766077,0.9782034839138726,0.9231223343903324,0.8271584582323424,0.8299832405254907,0.8547389889359395,0.7542141392823185,0.7517541522337685,-0.0683833454543928,0.8361353741384359,0.7676296429212274,0.6897244987882793,0.7329312623925974,0.7123552123552124,0.4752525252525252
2025,6,CLIP ViT-B/16 + DINO (ConvNeXt-B) + ViT-B/16 + ResNet-18 + MobileNetV3 + Xception,"['clip', 'dino', 'vit', 'resnet', 'mobilenet', 'xception']",max,0.9919821644153896,0.9633557948738828,0.8943778102150709,0.8069877491797062,0.8159858313596445,0.8131632362464609,0.7263049129691613,0.7318767229496899,-0.0812145739686099,0.7625503301408614,0.7069800825408218,0.6308249981640597,0.6746695307336417,0.527027027027027,0.9504040404040404
